velocity_target,actual_velocity,applied_torque
0.5999999642372131,4.547473508864641e-13,-0.30029770731925964
0.5999999642372131,0.03911176323890686,0.4028684198856354
0.5999999642372131,1.9199433154426515e-09,0.20425784587860107
0.5999999642372131,0.04420023411512375,0.41472339630126953
0.5999999642372131,0.8401470184326172,2.395272970199585
0.5999999642372131,0.6481491327285767,-0.2621076703071594
0.5999999642372131,0.6421591639518738,0.23819947242736816
0.5999999642372131,1.0350397825241089,1.311222791671753
0.5999999642372131,0.853058397769928,-0.2350761890411377
0.5999999642372131,0.5470329523086548,-0.568854570388794
0.5999999642372131,0.5563980937004089,0.27946221828460693
0.5999999642372131,0.5201547741889954,0.15677207708358765
0.5999999642372131,0.6080658435821533,0.4907514452934265
0.5999999642372131,0.5345650315284729,0.05656623840332031
0.5999999642372131,0.5333583950996399,0.25101691484451294
0.5999999642372131,0.1316225528717041,-0.826472282409668
0.5999999642372131,-0.6522740721702576,-2.379085063934326
0.5999999642372131,-0.5042581558227539,0.14387154579162598
0.5999999642372131,-0.09977132081985474,0.8338858485221863
0.5999999642372131,0.025229915976524353,0.6781618595123291
0.5999999642372131,0.23412510752677917,0.8259926438331604
0.5999999642372131,1.1479517221450806,2.7124719619750977
0.5999999642372131,0.3935144543647766,-1.7750248908996582
0.5999999642372131,0.42586222290992737,0.3412211537361145
0.5999999642372131,0.44893550872802734,0.3162858188152313
0.5999999642372131,0.08571354299783707,-0.7229011058807373
0.5999999642372131,0.12992024421691895,0.3777053654193878
0.5999999642372131,-0.14689742028713226,-1.0595660209655762
0.5999999642372131,-0.2768053114414215,-0.6035650968551636
0.5999999642372131,-0.2730811536312103,-0.24413052201271057
0.5999999642372131,0.03525958210229874,1.2280213832855225
0.5999999642372131,3.310560714453459e-10,-0.23552995920181274
0.5999999642372131,0.37598827481269836,1.2727893590927124
0.5999999642372131,0.6634141206741333,1.027415156364441
0.5999999642372131,0.11554397642612457,-1.219539999961853
0.5999999642372131,0.4894218444824219,1.259870171546936
0.5999999642372131,0.2678860127925873,-0.3417242169380188
0.5999999642372131,-1.8657715372683015e-08,-0.4536009430885315
0.5999999642372131,0.8305858373641968,2.488588809967041
0.5999999642372131,0.13397490978240967,-1.6196033954620361
0.5999999642372131,0.3298802673816681,0.7811031341552734
0.5999999642372131,0.2793816924095154,0.1183231770992279
0.5999999642372131,0.39182063937187195,0.5566291213035583
0.5999999642372131,0.27799901366233826,-0.051999062299728394
0.5999999642372131,0.16144752502441406,-0.059392839670181274
0.5999999642372131,0.5485267043113708,1.2954038381576538
0.5999999642372131,0.63497394323349,0.4868261218070984
0.5999999642372131,1.0702834129333496,1.4253602027893066
0.5999999642372131,0.8722142577171326,-0.27833831310272217
0.5999999642372131,0.6817086338996887,-0.25807952880859375
0.5999999642372131,8.98617145139724e-08,-1.544034481048584
0.5999999642372131,0.2512161433696747,0.9433455467224121
0.5999999642372131,0.3198348581790924,0.4387332499027252
0.5999999642372131,0.2688913643360138,0.11712166666984558
0.5999999642372131,-3.074637788813561e-08,-0.648389995098114
0.5999999642372131,0.4172426760196686,1.381716012954712
0.5999999642372131,0.2970310151576996,-0.06917792558670044
0.5999999642372131,-0.05192350596189499,-1.3345763683319092
0.5999999642372131,-0.20109733939170837,-0.6623706817626953
0.5999999642372131,-0.017822502180933952,0.2389233112335205
0.5999999642372131,-0.31899476051330566,-1.0712848901748657
0.5999999642372131,0.10444138944149017,1.5219769477844238
0.5999999642372131,0.6471288204193115,1.7139900922775269
0.5999999642372131,0.07626703381538391,-1.2813985347747803
0.5999999642372131,-3.717559593496844e-11,-0.13233187794685364
0.5999999642372131,5.140918801771477e-09,0.2761983573436737
0.5999999642372131,-0.4662930369377136,-1.5144710540771484
0.5999999642372131,0.21081170439720154,2.202852487564087
0.5999999642372131,-0.1388406753540039,-1.2860753536224365
0.5999999642372131,-0.052751440554857254,-0.021862655878067017
0.5999999642372131,0.5565524697303772,1.9024726152420044
0.5999999642372131,0.39798009395599365,-0.1723129153251648
0.5999999642372131,-0.202138751745224,-1.986220359802246
0.5999999642372131,0.30917680263519287,1.6844199895858765
0.5999999642372131,0.2876531183719635,0.1962612271308899
0.5999999642372131,0.5565900206565857,0.977637767791748
0.5999999642372131,0.12408904731273651,-0.9092252850532532
0.5999999642372131,-0.07652418315410614,-0.8714324831962585
0.5999999642372131,-5.8107616496272385e-09,0.5126606822013855
0.5999999642372131,0.1157551035284996,0.5916335582733154
0.5999999642372131,0.3248695135116577,0.8166297078132629
0.5999999642372131,-0.17295655608177185,-1.705461025238037
0.5999999642372131,4.4428816181607544e-09,0.4714198708534241
0.5999999642372131,0.3233327865600586,1.1337597370147705
0.5999999642372131,-2.8740032576024532e-09,-1.120327353477478
0.5999999642372131,0.08833815157413483,0.5218856334686279
0.5999999642372131,-2.857518666132819e-10,-0.1049761176109314
0.5999999642372131,0.4474867582321167,1.464182734489441
0.5999999642372131,0.34537798166275024,-0.020464718341827393
0.5999999642372131,0.3541334867477417,0.2777329087257385
0.5999999642372131,5.5060809245333076e-09,-1.1082549095153809
0.5999999642372131,0.03656622767448425,0.39506256580352783
0.5999999642372131,-2.4961082090158015e-09,-0.08156412094831467
0.5999999642372131,0.1790323406457901,0.7544190287590027
0.5999999642372131,0.4029432237148285,0.8564625978469849
0.5999999642372131,1.094750165939331,2.1152772903442383
0.5999999642372131,0.9924505949020386,-0.02069258689880371
0.5999999642372131,0.738194465637207,-0.42952483892440796
0.5999999642372131,0.5815033316612244,-0.16717219352722168
0.5999999642372131,0.4475972354412079,-0.10594558715820312
0.5999999642372131,0.9118936657905579,1.5032572746276855
0.5999999642372131,0.4437176585197449,-1.0050400495529175
0.5999999642372131,0.42245563864707947,0.197024405002594
0.5999999642372131,-0.36498281359672546,-2.466012954711914
0.5999999642372131,1.8858372641261667e-09,0.7321248054504395
0.5999999642372131,0.7563717365264893,2.290140151977539
0.5999999642372131,0.4013420343399048,-0.7007264494895935
0.5999999642372131,0.26654401421546936,-0.10842481255531311
0.5999999642372131,0.1257542371749878,-0.12460285425186157
0.5999999642372131,4.642515705199912e-09,-0.28612273931503296
0.5999999642372131,5.743459041696042e-10,0.184641033411026
0.5999999642372131,-0.3062419593334198,-1.0886341333389282
0.5999999642372131,0.023303639143705368,1.296553134918213
0.5999999642372131,0.16438233852386475,0.6480891704559326
0.5999999642372131,-5.3660187404602766e-11,-0.6096516847610474
0.5999999642372131,0.28361618518829346,1.0288937091827393
0.5999999642372131,0.12875905632972717,-0.16243863105773926
0.5999999642372131,0.5090222954750061,1.2770535945892334
0.5999999642372131,0.10063571482896805,-0.8443750143051147
0.5999999642372131,0.24490484595298767,0.642712414264679
0.5999999642372131,0.07542911916971207,-0.20178237557411194
0.5999999642372131,0.2249596267938614,0.6580849885940552
0.5999999642372131,0.2989623546600342,0.45320558547973633
0.5999999642372131,0.1554274559020996,-0.13197331130504608
0.5999999642372131,-2.3039774532662705e-09,-0.3080914616584778
0.5999999642372131,-0.11959809809923172,-0.6013136506080627
0.5999999642372131,2.4883775040507317e-09,0.22945192456245422
0.5999999642372131,0.31984853744506836,1.124559998512268
0.5999999642372131,0.9887303709983826,2.0535683631896973
0.5999999642372131,0.694930911064148,-0.5359052419662476
0.5999999642372131,0.4323757588863373,-0.4519823491573334
0.5999999642372131,0.49363797903060913,0.4190230667591095
0.5999999642372131,0.6538892388343811,0.6853464245796204
0.5999999642372131,0.6241795420646667,0.17439132928848267
0.5999999642372131,0.8417103886604309,0.8394953608512878
0.5999999642372131,0.7000192999839783,-0.12677353620529175
0.5999999642372131,-1.9015715224668384e-08,-1.8850681781768799
0.5999999642372131,0.0911339744925499,0.5286849141120911
0.5999999642372131,-5.700712790712714e-09,-0.4787045121192932
0.5999999642372131,-0.03633697330951691,-0.39455530047416687
0.5999999642372131,0.24614039063453674,1.0348001718521118
0.5999999642372131,0.9771700501441956,2.220724105834961
0.5999999642372131,1.0858324766159058,0.5467774271965027
0.5999999642372131,1.0925345420837402,0.27253568172454834
0.5999999642372131,1.2004520893096924,0.5448247194290161
0.5999999642372131,1.0918099880218506,-0.03770792484283447
0.5999999642372131,0.4223206341266632,-1.5465257167816162
0.5999999642372131,0.5833307504653931,0.68735671043396
0.5999999642372131,1.0379678010940552,1.477331519126892
0.5999999642372131,0.8050071597099304,-0.3722165822982788
0.5999999642372131,0.746246337890625,0.09630590677261353
0.5999999642372131,0.6448439955711365,-0.018433094024658203
0.5999999642372131,0.4788748621940613,-0.19217237830162048
0.5999999642372131,0.08377586305141449,-0.8086425065994263
0.5999999642372131,0.39852479100227356,1.100361943244934
0.5999999642372131,1.964508555829525e-10,-0.8541649580001831
0.5999999642372131,1.0672920325305313e-09,-0.12955990433692932
0.5999999642372131,-1.5947421161399689e-10,-0.021188372746109962
0.5999999642372131,0.13787393271923065,0.6473464965820312
0.5999999642372131,-6.853042577859014e-10,-0.35526353120803833
0.5999999642372131,0.4553823173046112,1.4852954149246216
0.5999999642372131,0.05524154007434845,-0.8222160339355469
0.5999999642372131,-0.40018120408058167,-1.4948099851608276
0.5999999642372131,0.20647601783275604,2.003272533416748
0.5999999642372131,0.24046076834201813,0.34554213285446167
0.5999999642372131,0.44400954246520996,0.8017120361328125
0.5999999642372131,0.5495703816413879,0.5381981134414673
0.5999999642372131,0.6382628083229065,0.4928658604621887
0.5999999642372131,0.5525166988372803,0.023637473583221436
0.5999999642372131,0.9570164680480957,1.3424406051635742
0.5999999642372131,1.0026448965072632,0.3771970272064209
0.5999999642372131,0.8557143211364746,-0.14079797267913818
0.5999999642372131,0.821807324886322,0.16318917274475098
0.5999999642372131,0.5032733082771301,-0.6025189161300659
0.5999999642372131,0.8150749802589417,1.093045949935913
0.5999999642372131,0.8010923266410828,0.2167709469795227
0.5999999642372131,0.41866812109947205,-0.7744030952453613
0.5999999642372131,0.4292372763156891,0.28264400362968445
0.5999999642372131,0.36613336205482483,0.08445635437965393
0.5999999642372131,0.5385899543762207,0.7181243896484375
0.5999999642372131,0.5569377541542053,0.3036227226257324
0.5999999642372131,0.14572927355766296,-0.8519449234008789
0.5999999642372131,-7.581277827739541e-09,-0.14895015954971313
0.5999999642372131,-0.18203431367874146,-0.7621905207633972
0.5999999642372131,0.19577975571155548,1.3369958400726318
0.5999999642372131,0.397727906703949,0.7973862886428833
0.5999999642372131,0.14460431039333344,-0.42674124240875244
0.5999999642372131,0.5814186930656433,1.4291918277740479
0.5999999642372131,0.39735037088394165,-0.24089065194129944
0.5999999642372131,0.815807580947876,1.3799197673797607
0.5999999642372131,0.65424644947052,-0.18023931980133057
0.5999999642372131,0.37436458468437195,-0.498612642288208
0.5999999642372131,0.44021090865135193,0.4313291609287262
0.5999999642372131,0.09348469972610474,-0.6785287261009216
0.5999999642372131,-0.348308801651001,-1.4670279026031494
0.5999999642372131,-0.19268877804279327,0.16446217894554138
0.5999999642372131,-0.1428404450416565,-0.12001235783100128
0.5999999642372131,-0.23545046150684357,-0.5032262206077576
0.5999999642372131,1.695843820925802e-08,0.7098355889320374
0.5999999642372131,0.07116419821977615,0.48011913895606995
0.5999999642372131,0.0639844760298729,0.2461497187614441
0.5999999642372131,0.2767072021961212,0.8296420574188232
0.5999999642372131,0.09373020380735397,-0.23808905482292175
0.5999999642372131,0.026339493691921234,0.08502132445573807
0.5999999642372131,-0.2911200523376465,-1.124110221862793
0.5999999642372131,-1.8771061149891466e-08,0.7464352250099182
0.5999999642372131,0.3167409300804138,1.1163545846939087
0.5999999642372131,0.8486088514328003,1.6849770545959473
0.5999999642372131,1.4213844537734985,1.7952603101730347
0.5999999642372131,1.1937687397003174,-0.35766875743865967
0.5999999642372131,1.085269570350647,-0.03732717037200928
0.5999999642372131,0.3534688949584961,-1.7141565084457397
0.5999999642372131,0.018108291551470757,-0.6479917764663696
0.5999999642372131,0.21164046227931976,0.7856717705726624
0.5999999642372131,-4.863068170379847e-09,-0.8642591834068298
0.5999999642372131,-0.1395452618598938,-0.6515571475028992
0.5999999642372131,-3.169589035678655e-09,0.745433509349823
0.5999999642372131,0.3551363945007324,1.2177326679229736
0.5999999642372131,-0.03695626184344292,-1.4691959619522095
0.5999999642372131,-0.07511334121227264,-0.3772890567779541
0.5999999642372131,0.17300653457641602,0.9608733057975769
0.5999999642372131,0.39921993017196655,0.8626537322998047
0.5999999642372131,0.40415072441101074,0.2674674987792969
0.5999999642372131,-3.0066985345911235e-08,-0.8077117204666138
0.5999999642372131,0.6252700686454773,1.9395747184753418
0.5999999642372131,0.3168250322341919,-0.5754648447036743
0.5999999642372131,0.44982337951660156,0.6119534969329834
0.5999999642372131,4.7044522943906486e-08,-0.9157995581626892
0.5999999642372131,0.2670629322528839,0.9851865172386169
0.5999999642372131,0.7119929194450378,1.4510784149169922
0.5999999642372131,0.5479283332824707,-0.18701934814453125
0.5999999642372131,0.07947996258735657,-1.0059336423873901
0.5999999642372131,2.137994670192711e-09,0.05704033374786377
0.5999999642372131,-0.1634075939655304,-0.7139735221862793
0.5999999642372131,-0.5518378615379333,-1.2990398406982422
0.5999999642372131,0.3373793959617615,2.761354684829712
0.5999999642372131,0.7822085022926331,1.4508380889892578
0.5999999642372131,0.5953150391578674,-0.248401939868927
0.5999999642372131,0.4964800179004669,-0.01159292459487915
0.5999999642372131,0.7533294558525085,0.9452122449874878
0.5999999642372131,0.7660412192344666,0.2885558009147644
0.5999999642372131,0.23329883813858032,-1.1787992715835571
0.5999999642372131,0.5526575446128845,1.1132564544677734
0.5999999642372131,0.3288212716579437,-0.34788545966148376
0.5999999642372131,0.14563216269016266,-0.23863691091537476
0.5999999642372131,0.38528910279273987,0.8988069295883179
0.5999999642372131,0.203668475151062,-0.23439249396324158
0.5999999642372131,-1.1174847713846248e-08,-0.2763015329837799
0.5999999642372131,0.21142321825027466,0.8382654190063477
0.5999999642372131,0.162884920835495,0.12354382872581482
0.5999999642372131,0.43277236819267273,0.9801394939422607
0.5999999642372131,-1.8457285477779806e-08,-1.5888975858688354
0.5999999642372131,0.08339058607816696,0.5098530650138855
0.5999999642372131,0.5898493528366089,1.616519808769226
0.5999999642372131,0.6362654566764832,0.3791537880897522
0.5999999642372131,0.3197363615036011,-0.5972068309783936
0.5999999642372131,0.6605111956596375,1.170906901359558
0.5999999642372131,0.3468586206436157,-0.5894582271575928
0.5999999642372131,-6.028130883350968e-09,-0.781055212020874
0.5999999642372131,-0.44490307569503784,-1.4572745561599731
0.5999999642372131,-0.2723654508590698,0.209930419921875
0.5999999642372131,-1.406078808940947e-09,0.915702223777771
0.5999999642372131,0.20560166239738464,0.8231958746910095
0.5999999642372131,0.2555190324783325,0.3884030878543854
0.5999999642372131,0.28647294640541077,0.33741021156311035
0.5999999642372131,0.6091336607933044,1.1221624612808228
0.5999999642372131,0.516421914100647,0.004885733127593994
0.5999999642372131,0.13047140836715698,-0.7840150594711304
0.5999999642372131,0.2560720443725586,0.5919702649116516
0.5999999642372131,0.721442699432373,1.5060620307922363
0.5999999642372131,0.5680080056190491,-0.15841901302337646
0.5999999642372131,1.1472069025039673,1.8124158382415771
0.5999999642372131,0.7391680479049683,-0.8431580662727356
0.5999999642372131,0.7901185154914856,0.3914175033569336
0.5999999642372131,0.39199018478393555,-0.8166542649269104
0.5999999642372131,1.774424163158983e-09,-0.7918481826782227
0.5999999642372131,0.2445250302553177,0.923952579498291
0.5999999642372131,0.027140304446220398,-0.3306659162044525
0.5999999642372131,0.21477577090263367,0.7694340348243713
0.5999999642372131,0.38650766015052795,0.7161078453063965
0.5999999642372131,0.6895806193351746,1.0695127248764038
0.5999999642372131,0.9554949998855591,0.969683825969696
0.5999999642372131,1.1906280517578125,0.8869947195053101
0.5999999642372131,1.4629377126693726,0.9871096611022949
0.5999999642372131,1.1117407083511353,-0.6901049613952637
0.5999999642372131,0.47179001569747925,-1.4670535326004028
0.5999999642372131,0.11450055241584778,-0.706932008266449
0.5999999642372131,0.491486132144928,1.2682292461395264
0.5999999642372131,0.6005494594573975,0.5476414561271667
0.5999999642372131,0.3262687027454376,-0.4835684895515442
0.5999999642372131,0.3938450515270233,0.4359619915485382
0.5999999642372131,0.5375247001647949,0.6407217979431152
0.5999999642372131,0.6880491971969604,0.6591989994049072
0.5999999642372131,0.9182773232460022,0.873680830001831
0.5999999642372131,0.8200438022613525,-0.009832501411437988
0.5999999642372131,0.8171088099479675,0.24649250507354736
0.5999999642372131,0.4124007523059845,-0.834343433380127
0.5999999642372131,1.1898350715637207,2.345632791519165
0.5999999642372131,0.8470091819763184,-0.6677060127258301
0.5999999642372131,1.1761980056762695,1.1399712562561035
0.5999999642372131,0.48680898547172546,-1.6000232696533203
0.5999999642372131,0.07123661786317825,-0.863715648651123
0.5999999642372131,0.24756211042404175,0.7315468788146973
0.5999999642372131,0.2502519488334656,0.2613718509674072
0.5999999642372131,0.46362313628196716,0.8281399607658386
0.5999999642372131,0.11844302713871002,-0.6743594408035278
0.5999999642372131,0.9329444766044617,2.4452192783355713
0.5999999642372131,0.7725668549537659,-0.1770039200782776
0.5999999642372131,0.8259506225585938,0.39797836542129517
0.5999999642372131,1.0493570566177368,0.8553900718688965
0.5999999642372131,1.043825387954712,0.23960840702056885
0.5999999642372131,0.9896679520606995,0.10879433155059814
0.5999999642372131,0.781474769115448,-0.30560988187789917
0.5999999642372131,0.990721583366394,0.8172791600227356
0.5999999642372131,0.8446213006973267,-0.13857030868530273
0.5999999642372131,1.1280782222747803,1.0169448852539062
0.5999999642372131,0.6442152261734009,-1.047146201133728
0.5999999642372131,0.6660962700843811,0.3131740093231201
0.5999999642372131,0.5780424475669861,0.01744133234024048
0.5999999642372131,0.6286711692810059,0.3904806971549988
0.5999999642372131,1.3955386877059937,2.3173022270202637
0.5999999642372131,1.378298044204712,0.20826232433319092
0.5999999642372131,1.0660958290100098,-0.5852410197257996
0.5999999642372131,0.6943308711051941,-0.7456117272377014
0.5999999642372131,-1.0295480024069548e-08,-1.723902702331543
0.5999999642372131,0.15657243132591248,0.6944438815116882
0.5999999642372131,0.08690580725669861,0.06668086349964142
0.5999999642372131,-0.5504526495933533,-1.9822279214859009
0.5999999642372131,-3.095919964835048e-08,1.9625575542449951
0.5999999642372131,0.23095226287841797,0.8888180255889893
0.5999999642372131,0.16656066477298737,0.08090442419052124
0.5999999642372131,0.36235421895980835,0.7808163166046143
0.5999999642372131,-2.562410372775048e-08,-0.9238425493240356
0.5999999642372131,0.4674636423587799,1.5176000595092773
0.5999999642372131,0.789414644241333,1.1203330755233765
0.5999999642372131,0.6186015009880066,-0.20514076948165894
0.5999999642372131,0.567925751209259,0.11797308921813965
0.5999999642372131,0.7675849795341492,0.7913926243782043
0.5999999642372131,0.5124577879905701,-0.43196865916252136
0.5999999642372131,0.06477677822113037,-0.9500820636749268
0.5999999642372131,0.19841773808002472,0.6184991598129272
0.5999999642372131,0.21720287203788757,0.3046489357948303
0.5999999642372131,0.6242053508758545,1.349024772644043
0.5999999642372131,1.3166172504425049,2.117002248764038
0.5999999642372131,0.46480217576026917,-2.036914348602295
0.5999999642372131,1.1253679990768433,2.0312604904174805
0.5999999642372131,0.7389530539512634,-0.7849959135055542
0.5999999642372131,0.4417533278465271,-0.5451631546020508
0.5999999642372131,0.21952779591083527,-0.34360170364379883
0.5999999642372131,-1.218450051965192e-08,-0.36451637744903564
0.5999999642372131,0.28081440925598145,1.0214951038360596
0.5999999642372131,0.35349592566490173,0.44967520236968994
0.5999999642372131,1.1577039957046509,2.417632818222046
0.5999999642372131,1.0712286233901978,0.021904826164245605
0.5999999642372131,1.027200698852539,0.1360560655593872
0.5999999642372131,0.9457427263259888,0.035344839096069336
0.5999999642372131,0.41904574632644653,-1.1624563932418823
0.5999999642372131,-1.3629687600769103e-08,-1.371164321899414
0.5999999642372131,1.615717337699607e-09,0.15954314172267914
0.5999999642372131,0.2601020038127899,0.9668070077896118
0.5999999642372131,0.943427562713623,2.092397451400757
0.5999999642372131,1.3744391202926636,1.413933515548706
0.5999999642372131,1.3559719324111938,0.20495283603668213
0.5999999642372131,0.84041428565979,-1.1323093175888062
0.5999999642372131,0.4523410499095917,-0.7895826697349548
0.5999999642372131,1.2774513959884644,2.4739065170288086
0.5999999642372131,0.9981922507286072,-0.49666208028793335
0.5999999642372131,0.5520435571670532,-0.945746123790741
0.5999999642372131,0.5168196558952332,0.15951186418533325
0.5999999642372131,1.086845874786377,1.787717342376709
0.5999999642372131,1.4957849979400635,1.354618787765503
0.5999999642372131,0.8689649105072021,-1.4315613508224487
0.5999999642372131,1.1896531581878662,1.1171129941940308
0.5999999642372131,0.34467771649360657,-2.0185704231262207
0.5999999642372131,-0.4013049602508545,-2.3350415229797363
0.5999999642372131,-0.47542813420295715,-0.4536081552505493
0.5999999642372131,4.565481503959745e-08,1.5893642902374268
0.5999999642372131,0.09653685986995697,0.5418233871459961
0.5999999642372131,-0.03058621659874916,-0.6800339818000793
0.5999999642372131,0.23024389147758484,0.9767688512802124
0.5999999642372131,0.4255842864513397,0.7796252965927124
0.5999999642372131,0.10084503889083862,-0.6193875074386597
0.5999999642372131,0.13617302477359772,0.3508964776992798
0.5999999642372131,0.44638630747795105,1.0886104106903076
0.5999999642372131,0.7231739163398743,0.998826265335083
0.5999999642372131,0.5131571888923645,-0.3106340765953064
0.5999999642372131,0.3125021755695343,-0.28554219007492065
0.5999999642372131,0.6181166768074036,1.0763163566589355
0.5999999642372131,0.7694577574729919,0.6614310145378113
0.5999999642372131,0.3629884719848633,-0.8391026258468628
0.5999999642372131,0.21201173961162567,-0.15196552872657776
0.5999999642372131,0.39781951904296875,0.753972589969635
0.5999999642372131,0.1607801914215088,-0.38347238302230835
0.5999999642372131,0.26710131764411926,0.5401180982589722
0.5999999642372131,-0.06317491084337234,-1.272435188293457
0.5999999642372131,0.2984876036643982,1.2490867376327515
0.5999999642372131,-1.3587850844487548e-08,-0.5458000898361206
0.5999999642372131,-0.3526923954486847,-1.2112809419631958
0.5999999642372131,-0.17874710261821747,0.21375772356987
0.5999999642372131,-0.109557144343853,-0.06797458231449127
0.5999999642372131,-0.015989061444997787,-0.011055722832679749
0.5999999642372131,-0.40649428963661194,-1.3101203441619873
0.5999999642372131,-0.4015154242515564,-0.2408134639263153
0.5999999642372131,-0.28699713945388794,0.053867727518081665
0.5999999642372131,0.01877451129257679,1.2305103540420532
0.5999999642372131,-1.2295231499592774e-09,-0.09006781131029129
0.5999999642372131,0.27990639209747314,1.0190978050231934
0.5999999642372131,0.26539158821105957,0.21510246396064758
0.5999999642372131,0.4836774170398712,0.8413676023483276
0.5999999642372131,2.043452695943415e-08,-1.5999609231948853
0.5999999642372131,0.5441722273826599,1.722718596458435
0.5999999642372131,1.1854257583618164,1.9793424606323242
0.5999999642372131,0.533050537109375,-1.5004464387893677
0.5999999642372131,1.9497863054275513,4.0655107498168945
0.5999999642372131,1.4866799116134644,-0.9909448027610779
0.5999999642372131,1.5163829326629639,0.3345879316329956
0.5999999642372131,0.8168129324913025,-1.6272615194320679
0.5999999642372131,0.2930186688899994,-1.1547050476074219
0.5999999642372131,0.01690909080207348,-0.48862424492836
0.5999999642372131,0.33000466227531433,1.102968692779541
0.5999999642372131,0.5366695523262024,0.8101338148117065
0.5999999642372131,-5.4656993597745895e-08,-1.4783313274383545
0.5999999642372131,-0.01746727153658867,-0.35276493430137634
0.5999999642372131,0.2912689447402954,1.0991030931472778
0.5999999642372131,0.9402393102645874,1.9999903440475464
0.5999999642372131,0.48296934366226196,-0.9756893515586853
0.5999999642372131,0.3872232139110565,-0.0033333003520965576
0.5999999642372131,0.40146493911743164,0.29250940680503845
0.5999999642372131,-0.1888289749622345,-1.963134527206421
0.5999999642372131,0.3545011281967163,1.7629352807998657
0.5999999642372131,0.9363690614700317,1.8195017576217651
0.5999999642372131,-1.9783328752964735e-08,-2.6015560626983643
0.5999999642372131,-7.466951501555741e-09,-0.3300757110118866
0.5999999642372131,0.2885809540748596,1.0420013666152954
0.5999999642372131,0.49328312277793884,0.8048354983329773
0.5999999642372131,0.9376078844070435,1.4495494365692139
0.5999999642372131,1.1758157014846802,0.8952580690383911
0.5999999642372131,1.178507685661316,0.26178646087646484
0.5999999642372131,1.029057502746582,-0.14749884605407715
0.5999999642372131,0.8434065580368042,-0.24495136737823486
0.5999999642372131,0.3007713258266449,-1.205378532409668
0.5999999642372131,0.04449465125799179,-0.4352670907974243
0.5999999642372131,0.1612188071012497,0.5776938199996948
0.5999999642372131,0.15183444321155548,0.22885172069072723
0.5999999642372131,0.161026269197464,0.2788205146789551
0.5999999642372131,-6.4819687395356596e-09,-0.3492027223110199
0.5999999642372131,0.39097389578819275,1.312355875968933
0.5999999642372131,0.3030586838722229,0.01769229769706726
0.5999999642372131,0.7638329267501831,1.4937174320220947
0.5999999642372131,0.8360743522644043,0.4487046003341675
0.5999999642372131,1.407819151878357,1.7924811840057373
0.5999999642372131,1.1404013633728027,-0.4647507667541504
0.5999999642372131,1.150899887084961,0.2827723026275635
0.5999999642372131,0.6173176765441895,-1.1808891296386719
0.5999999642372131,1.16871976852417,1.7376594543457031
0.5999999642372131,0.8959250450134277,-0.4793205261230469
0.5999999642372131,0.34180426597595215,-1.2362534999847412
0.5999999642372131,0.39163467288017273,0.3882286548614502
0.5999999642372131,0.5931923985481262,0.7964217662811279
0.5999999642372131,0.7340823411941528,0.6333047747612
0.5999999642372131,0.6536798477172852,0.03805410861968994
0.5999999642372131,1.4169940948486328,2.307753562927246
0.5999999642372131,1.6598199605941772,0.9078917503356934
0.5999999642372131,1.0499011278152466,-1.3860231637954712
0.5999999642372131,0.15237143635749817,-2.1600112915039062
0.5999999642372131,0.24280694127082825,0.497379332780838
0.5999999642372131,0.19294755160808563,0.12000319361686707
0.5999999642372131,0.5685828924179077,1.264630913734436
0.5999999642372131,0.9858154058456421,1.3767002820968628
0.5999999642372131,-4.7102048483793624e-08,-2.3858022689819336
0.5999999642372131,0.5650962591171265,1.7786695957183838
0.5999999642372131,0.2721540331840515,-0.5337865352630615
0.5999999642372131,0.8470063209533691,1.8005921840667725
0.5999999642372131,-0.061135467141866684,-2.9011645317077637
0.5999999642372131,-0.060588691383600235,-0.2684042751789093
0.5999999642372131,0.5197558999061584,1.8258367776870728
0.5999999642372131,1.0195345878601074,1.598740816116333
0.5999999642372131,0.0557960569858551,-2.338136911392212
0.5999999642372131,2.1166215447010472e-09,-0.1910102665424347
0.5999999642372131,-0.32122233510017395,-1.1281886100769043
0.5999999642372131,-0.18457898497581482,0.11342307925224304
0.5999999642372131,9.473637874179985e-09,0.2207639217376709
0.5999999642372131,-7.211156116682105e-10,0.0746510848402977
0.5999999642372131,0.35379746556282043,1.2141966819763184
0.5999999642372131,0.22274409234523773,-0.0983729362487793
0.5999999642372131,0.4549514949321747,0.8787996768951416
0.5999999642372131,0.7938975095748901,1.1660466194152832
0.5999999642372131,0.7691768407821655,0.18787378072738647
0.5999999642372131,1.1470087766647339,1.2707945108413696
0.5999999642372131,1.3689470291137695,0.851581335067749
0.5999999642372131,0.9094477891921997,-0.9814977049827576
0.5999999642372131,0.7315313816070557,-0.22419703006744385
0.5999999642372131,0.6183629035949707,-0.05009257793426514
0.5999999642372131,0.5154383182525635,-0.022585034370422363
0.5999999642372131,0.0767315998673439,-0.9259387254714966
0.5999999642372131,-7.967173587530851e-10,-0.5190558433532715
0.5999999642372131,0.20205770432949066,0.8140211701393127
0.5999999642372131,-0.24850577116012573,-1.5313600301742554
0.5999999642372131,1.0086296242661774e-08,0.43156954646110535
0.5999999642372131,0.5080307126045227,1.626076102256775
0.5999999642372131,0.5332367420196533,0.3220582604408264
0.5999999642372131,6.734080670867115e-08,-1.648850440979004
0.5999999642372131,0.3635179400444031,1.2398616075515747
0.5999999642372131,1.0428658723831177,2.081742525100708
0.5999999642372131,1.0527409315109253,0.2810516357421875
0.5999999642372131,0.4501902461051941,-1.3664687871932983
0.5999999642372131,-1.4710167306475341e-08,-1.3659449815750122
0.5999999642372131,-0.5577678680419922,-1.7590755224227905
0.5999999642372131,0.11048460751771927,2.2154531478881836
0.5999999642372131,0.2718779146671295,0.6874575614929199
0.5999999642372131,-1.1219526641070843e-08,-1.1012217998504639
0.5999999642372131,0.5894287824630737,1.8437345027923584
0.5999999642372131,0.3209882378578186,-0.4678627848625183
0.5999999642372131,0.7486684322357178,1.4046967029571533
0.5999999642372131,0.5392988324165344,-0.3088819980621338
0.5999999642372131,1.0390604734420776,1.5987040996551514
0.5999999642372131,0.7739278674125671,-0.4587649703025818
0.5999999642372131,0.8823932409286499,0.5461565852165222
0.5999999642372131,0.7385292649269104,-0.13260185718536377
0.5999999642372131,0.881549596786499,0.6391000151634216
0.5999999642372131,1.0343129634857178,0.6653733253479004
0.5999999642372131,0.39070719480514526,-1.476921558380127
0.5999999642372131,0.05673939734697342,-0.6442294120788574
0.5999999642372131,3.093418854405172e-10,-0.024334289133548737
0.5999999642372131,0.37768590450286865,1.2772705554962158
0.5999999642372131,0.7214349508285522,1.178933024406433
0.5999999642372131,0.7467988133430481,0.3225773572921753
0.5999999642372131,0.6921284794807434,0.10728341341018677
0.5999999642372131,0.409140944480896,-0.5069513320922852
0.5999999642372131,0.27039778232574463,-0.11903506517410278
0.5999999642372131,0.35471704602241516,0.4809776544570923
0.5999999642372131,0.3262346386909485,0.17755988240242004
0.5999999642372131,0.26691344380378723,0.0945860743522644
0.5999999642372131,0.05903160944581032,-0.30509233474731445
0.5999999642372131,0.14118587970733643,0.48316383361816406
0.5999999642372131,0.09410504996776581,0.1267438530921936
0.5999999642372131,0.3774343430995941,1.015250325202942
0.5999999642372131,0.6637795567512512,1.0245072841644287
0.5999999642372131,0.8455474376678467,0.7433034777641296
0.5999999642372131,0.18238940834999084,-1.5296032428741455
0.5999999642372131,0.14672698080539703,0.15816855430603027
0.5999999642372131,-1.3938461052021012e-08,-0.3803871273994446
0.5999999642372131,0.07624121010303497,0.49246513843536377
0.5999999642372131,0.6452350616455078,1.7847446203231812
0.5999999642372131,0.8953427076339722,0.9271408319473267
0.5999999642372131,0.37036043405532837,-1.1578665971755981
0.5999999642372131,0.6315189003944397,0.9567477107048035
0.5999999642372131,0.3558555245399475,-0.48727476596832275
0.5999999642372131,0.24040310084819794,-0.056403011083602905
0.5999999642372131,3.064997144974768e-10,-0.48731040954589844
0.5999999642372131,0.1041417270898819,0.5623804926872253
0.5999999642372131,-5.2414179663173854e-09,-0.44513189792633057
0.5999999642372131,-0.3007435202598572,-1.0741173028945923
0.5999999642372131,-0.26587945222854614,-0.16037094593048096
0.5999999642372131,0.26847511529922485,1.7699909210205078
0.5999999642372131,0.31193867325782776,0.3710683584213257
0.5999999642372131,0.36499541997909546,0.39689478278160095
0.5999999642372131,0.1599445641040802,-0.2974332869052887
0.5999999642372131,0.8173878192901611,2.0227255821228027
0.5999999642372131,0.27367836236953735,-1.2082793712615967
0.5999999642372131,0.9833197593688965,2.1631968021392822
0.5999999642372131,0.07371198385953903,-2.1925320625305176
0.5999999642372131,-0.22324451804161072,-1.0852463245391846
0.5999999642372131,0.30874165892601013,1.7465543746948242
0.5999999642372131,0.2665316164493561,0.14061015844345093
0.5999999642372131,-1.846683517214842e-08,-0.5392599105834961
0.5999999642372131,-0.2922514081001282,-1.0516952276229858
0.5999999642372131,-0.24236583709716797,-0.11995700001716614
0.5999999642372131,0.03695560246706009,1.140110969543457
0.5999999642372131,0.6084098815917969,1.7917532920837402
0.5999999642372131,0.843862771987915,0.8877007961273193
0.5999999642372131,0.9550665616989136,0.5535547733306885
0.5999999642372131,0.8533145189285278,-0.01928257942199707
0.5999999642372131,0.3543516993522644,-1.0878885984420776
0.5999999642372131,0.9137629270553589,1.7590889930725098
0.5999999642372131,0.6565897464752197,-0.4374086260795593
0.5999999642372131,0.06217764690518379,-1.3447493314743042
0.5999999642372131,-1.3342287275008857e-09,-0.22646872699260712
0.5999999642372131,0.47379839420318604,1.534538745880127
0.5999999642372131,-2.013257471844554e-08,-1.2209242582321167
0.5999999642372131,0.2552570700645447,0.9540140628814697
0.5999999642372131,0.4131918251514435,0.6790084838867188
0.5999999642372131,0.47801947593688965,0.42860516905784607
0.5999999642372131,0.41833463311195374,0.09367471933364868
0.5999999642372131,0.24537739157676697,-0.21107259392738342
0.5999999642372131,0.458891361951828,0.8285211324691772
0.5999999642372131,-1.3977114576846361e-08,-1.6496758460998535
0.5999999642372131,-0.0599358007311821,-0.4513852000236511
0.5999999642372131,0.5418585538864136,1.8823261260986328
0.5999999642372131,0.8866309523582458,1.1817588806152344
0.5999999642372131,0.5053421854972839,-0.7713110446929932
0.5999999642372131,-5.758738552685827e-08,-1.7233607769012451
0.5999999642372131,3.6029632610734552e-09,0.32939624786376953
0.5999999642372131,0.6052868366241455,1.8861382007598877
0.5999999642372131,0.43887317180633545,-0.19338709115982056
0.5999999642372131,0.35657593607902527,0.03282666206359863
0.5999999642372131,-0.3111806809902191,-2.140953540802002
0.5999999642372131,-0.037191241979599,0.48291027545928955
0.5999999642372131,0.23010748624801636,0.9958040714263916
0.5999999642372131,0.7977416515350342,1.7811555862426758
0.5999999642372131,-6.151458364911377e-08,-2.6335906982421875
0.5999999642372131,-0.17332929372787476,-0.7396575212478638
0.5999999642372131,9.688847057987005e-09,0.8150477409362793
0.5999999642372131,0.1771877259016037,0.749642550945282
0.5999999642372131,0.136623814702034,0.14498038589954376
0.5999999642372131,1.2135167121887207,3.151102066040039
0.5999999642372131,1.058772087097168,-0.1617262363433838
0.5999999642372131,1.0127912759780884,0.13079655170440674
0.5999999642372131,0.9140045642852783,-0.011279106140136719
0.5999999642372131,0.6536920070648193,-0.4458538293838501
0.5999999642372131,1.2483947277069092,1.854161024093628
0.5999999642372131,1.128437876701355,-0.06812727451324463
0.5999999642372131,1.0787664651870728,0.12089931964874268
0.5999999642372131,0.5423831343650818,-1.1884562969207764
0.5999999642372131,0.37758171558380127,-0.18907764554023743
0.5999999642372131,0.7118603587150574,1.1534560918807983
0.5999999642372131,0.42461076378822327,-0.5184081196784973
0.5999999642372131,0.2561070919036865,-0.1990891396999359
0.5999999642372131,0.6945112943649292,1.4335172176361084
0.5999999642372131,0.9606493711471558,0.9702870845794678
0.5999999642372131,0.6841115355491638,-0.48948192596435547
0.5999999642372131,0.1917865127325058,-1.0701067447662354
0.5999999642372131,-1.6248350220848806e-08,-0.2977595925331116
0.5999999642372131,0.1999346911907196,0.8085253238677979
0.5999999642372131,0.06499393284320831,-0.10889865458011627
0.5999999642372131,-0.12374928593635559,-0.8057418465614319
0.5999999642372131,1.1557881832122803,3.702200412750244
0.5999999642372131,0.08694745600223541,-2.620819091796875
0.5999999642372131,0.4798983931541443,1.3111659288406372
0.5999999642372131,0.032418351620435715,-0.9495565891265869
0.5999999642372131,0.6443368196487427,1.9004353284835815
0.5999999642372131,0.501818060874939,-0.12908828258514404
0.5999999642372131,0.022074326872825623,-1.0363414287567139
0.5999999642372131,0.0781245231628418,0.42988651990890503
0.5999999642372131,-0.12518543004989624,-0.8491826057434082
0.5999999642372131,0.4150881767272949,1.7329471111297607
0.5999999642372131,0.6094990968704224,0.7772059440612793
0.5999999642372131,0.9171527624130249,1.0819331407546997
0.5999999642372131,0.34688761830329895,-1.2796759605407715
0.5999999642372131,0.2136806845664978,-0.10416968166828156
0.5999999642372131,1.0185006856918335,2.4192159175872803
0.5999999642372131,0.5131611824035645,-1.10496985912323
0.5999999642372131,0.03620150312781334,-1.0288469791412354
0.5999999642372131,0.7215337753295898,2.0963423252105713
0.5999999642372131,-0.0872502475976944,-2.615044593811035
0.5999999642372131,0.19361643493175507,1.0491459369659424
0.5999999642372131,0.42196422815322876,0.8684036135673523
0.5999999642372131,0.257895827293396,-0.1871587634086609
0.5999999642372131,0.18841801583766937,0.06723275780677795
0.5999999642372131,0.2929896116256714,0.5354232788085938
0.5999999642372131,0.49919307231903076,0.8088757991790771
0.5999999642372131,0.03749459981918335,-0.9877979755401611
0.5999999642372131,0.39232492446899414,1.2124438285827637
0.5999999642372131,0.18582096695899963,-0.3013303875923157
0.5999999642372131,0.3485436737537384,0.691858172416687
0.5999999642372131,0.4566435217857361,0.5449855327606201
0.5999999642372131,0.3513427972793579,-0.029048889875411987
0.5999999642372131,0.032176628708839417,-0.6044282913208008
0.5999999642372131,0.06302513927221298,0.36243051290512085
0.5999999642372131,0.04911554977297783,0.23475006222724915
0.5999999642372131,0.5887014865875244,1.7052483558654785
0.5999999642372131,0.44981515407562256,-0.11934173107147217
0.5999999642372131,-6.6593202063813806e-09,-1.1272313594818115
0.5999999642372131,0.0330272801220417,0.3872233033180237
0.5999999642372131,-2.0054358174093068e-09,-0.22488416731357574
0.5999999642372131,0.05719953402876854,0.4450070559978485
0.5999999642372131,0.5241051912307739,1.5100444555282593
0.5999999642372131,0.034806545823812485,-1.0620357990264893
0.5999999642372131,0.3987046182155609,1.236976146697998
0.5999999642372131,0.24405093491077423,-0.16184183955192566
0.5999999642372131,0.6579959392547607,1.3677124977111816
0.5999999642372131,0.8107380867004395,0.6652170419692993
0.5999999642372131,0.5671243667602539,-0.4009767472743988
0.5999999642372131,1.2360899448394775,2.0539016723632812
0.5999999642372131,1.1523245573043823,0.029228687286376953
0.5999999642372131,1.0178776979446411,-0.10714960098266602
0.5999999642372131,0.3135679364204407,-1.640233039855957
0.5999999642372131,0.2983112335205078,0.21312063932418823
0.5999999642372131,0.7168476581573486,1.3800877332687378
0.5999999642372131,0.16801372170448303,-1.2221100330352783
0.5999999642372131,-6.741174729540944e-09,-0.8621656894683838
0.5999999642372131,0.714236855506897,2.1774706840515137
0.5999999642372131,0.3827848434448242,-0.6373189687728882
0.5999999642372131,0.33119916915893555,0.11542043089866638
0.5999999642372131,0.5246896743774414,0.7746925354003906
0.5999999642372131,-6.784830475226045e-10,-1.8029755353927612
0.5999999642372131,0.8303453922271729,2.4879446029663086
0.5999999642372131,0.6135398149490356,-0.3288506865501404
0.5999999642372131,0.6688280701637268,0.40303075313568115
0.5999999642372131,1.1557103395462036,1.5641131401062012
0.5999999642372131,1.2913652658462524,0.619470477104187
0.5999999642372131,0.7552304267883301,-1.1876941919326782
0.5999999642372131,0.39998871088027954,-0.7012985944747925
0.5999999642372131,0.41630804538726807,0.2981035113334656
0.5999999642372131,0.2490454912185669,-0.19575417041778564
0.5999999642372131,-7.3059709393419325e-09,-0.9315429925918579
0.5999999642372131,0.13564583659172058,0.6417328715324402
0.5999999642372131,-0.12504161894321442,-1.0238350629806519
0.5999999642372131,-0.07281754165887833,-0.11434923112392426
0.5999999642372131,0.06991371512413025,0.6984409689903259
0.5999999642372131,0.32498037815093994,0.9422396421432495
0.5999999642372131,0.5244688987731934,0.7908254861831665
0.5999999642372131,0.5299490690231323,0.26899969577789307
0.5999999642372131,0.3008876144886017,-0.36195310950279236
0.5999999642372131,0.4131363034248352,0.5561254024505615
0.5999999642372131,0.4221704602241516,0.2785109877586365
0.5999999642372131,0.17632652819156647,-0.4071480333805084
0.5999999642372131,0.7500948309898376,1.797633171081543
0.5999999642372131,0.6576271653175354,0.005603611469268799
0.5999999642372131,0.7436376214027405,0.48569828271865845
0.5999999642372131,0.7682021856307983,0.32043617963790894
0.5999999642372131,1.38446843624115,1.912221074104309
0.5999999642372131,1.1075764894485474,-0.490247905254364
0.5999999642372131,0.9066846966743469,-0.2859172224998474
0.5999999642372131,0.9816564917564392,0.4561116099357605
0.5999999642372131,1.2574701309204102,0.9964419007301331
0.5999999642372131,0.21337652206420898,-2.5542001724243164
0.5999999642372131,8.835741027723998e-10,-0.3808622658252716
0.5999999642372131,0.26793524622917175,0.9874886870384216
0.5999999642372131,0.15315282344818115,-0.05463969707489014
0.5999999642372131,0.04633283242583275,-0.03426722437143326
0.5999999642372131,0.3062651455402374,0.9560545682907104
0.5999999642372131,0.04861263930797577,-0.4389665722846985
0.5999999642372131,0.33848482370376587,1.0375677347183228
0.5999999642372131,0.5484614372253418,0.8190459609031677
0.5999999642372131,0.7865432500839233,0.8947465419769287
0.5999999642372131,0.3648300766944885,-0.8801040053367615
0.5999999642372131,0.2231663018465042,-0.1269121766090393
0.5999999642372131,1.33272123336792,3.239006519317627
0.5999999642372131,1.6352171897888184,1.0683774948120117
0.5999999642372131,0.651985764503479,-2.390305995941162
0.5999999642372131,0.22415529191493988,-0.8966203927993774
0.5999999642372131,0.10475465655326843,-0.06708274781703949
0.5999999642372131,-0.15902310609817505,-1.0144575834274292
0.5999999642372131,4.5693013817071915e-09,0.6680909991264343
0.5999999642372131,-0.28071334958076477,-1.0212308168411255
0.5999999642372131,-0.08092321455478668,0.2833155691623688
0.5999999642372131,-6.359641702147201e-09,0.42629653215408325
0.5999999642372131,0.07477231323719025,0.48889243602752686
0.5999999642372131,1.4838406059425324e-09,-0.008860230445861816
0.5999999642372131,5.240394784777891e-10,0.028863398358225822
0.5999999642372131,-5.576339390245266e-10,-0.05839493125677109
0.5999999642372131,0.16900014877319336,0.7284480929374695
0.5999999642372131,2.187789505114779e-09,-0.504010021686554
0.5999999642372131,0.5304505228996277,1.6860263347625732
0.5999999642372131,1.0174551010131836,1.5643806457519531
0.5999999642372131,0.8254576921463013,-0.26202940940856934
0.5999999642372131,0.8663645386695862,0.36443591117858887
0.5999999642372131,-4.467983671929687e-08,-2.197197914123535
0.5999999642372131,1.01741623878479,2.9910402297973633
0.5999999642372131,0.9019536375999451,-0.056138455867767334
0.5999999642372131,0.95171719789505,0.3882959485054016
0.5999999642372131,0.8454940319061279,-0.03131228685379028
0.5999999642372131,0.8048144578933716,0.14496344327926636
0.5999999642372131,0.8508425951004028,0.37820398807525635
0.5999999642372131,0.8186463713645935,0.16778779029846191
0.5999999642372131,0.9034989476203918,0.48265403509140015
0.5999999642372131,0.055254220962524414,-2.0274922847747803
0.5999999642372131,-6.157279131002724e-10,-0.27014195919036865
0.5999999642372131,0.4096766710281372,1.3617371320724487
0.5999999642372131,1.2248626947402954,2.4471893310546875
0.5999999642372131,0.9864552617073059,-0.38678860664367676
0.5999999642372131,0.7013944983482361,-0.512399435043335
0.5999999642372131,0.6271712183952332,0.05466181039810181
0.5999999642372131,1.0837724208831787,1.482633352279663
0.5999999642372131,0.7078052759170532,-0.7569087743759155
0.5999999642372131,4.3835825636051595e-08,-1.9504457712173462
0.5999999642372131,0.45311862230300903,1.4792407751083374
0.5999999642372131,-4.886351234745234e-08,-1.4099392890930176
0.5999999642372131,-6.027676136000082e-10,-0.03975837305188179
0.5999999642372131,0.20670461654663086,0.8260493874549866
0.5999999642372131,0.07824122905731201,-0.09147091954946518
0.5999999642372131,0.8065300583839417,2.2132749557495117
0.5999999642372131,0.8000472187995911,0.23694103956222534
0.5999999642372131,0.86007159948349,0.41585367918014526
0.5999999642372131,1.038939356803894,0.7355883717536926
0.5999999642372131,0.18923982977867126,-2.0313453674316406
0.5999999642372131,0.07125402241945267,-0.06329220533370972
0.5999999642372131,0.28696727752685547,0.8368664979934692
0.5999999642372131,2.0079369278391823e-08,-0.5217690467834473
0.5999999642372131,0.423337459564209,1.3996058702468872
0.5999999642372131,0.5836464762687683,0.685469388961792
0.5999999642372131,0.528747022151947,0.1065940260887146
0.5999999642372131,0.5092169642448425,0.20171970129013062
0.5999999642372131,0.22090871632099152,-0.5213459730148315
0.5999999642372131,0.054869577288627625,-0.19254957139492035
0.5999999642372131,0.4032873511314392,1.1934548616409302
0.5999999642372131,0.8016110062599182,1.325758457183838
0.5999999642372131,0.6390718817710876,-0.18287771940231323
0.5999999642372131,0.715120255947113,0.45888954401016235
0.5999999642372131,0.7591314911842346,0.37273818254470825
0.5999999642372131,1.2106250524520874,1.4689514636993408
0.5999999642372131,0.47679680585861206,-1.7195584774017334
0.5999999642372131,0.806541919708252,1.1413037776947021
0.5999999642372131,0.8871877789497375,0.4713315963745117
0.5999999642372131,0.7724366784095764,-0.05428200960159302
0.5999999642372131,0.5413095355033875,-0.36740347743034363
0.5999999642372131,0.6944769024848938,0.6663092970848083
0.5999999642372131,1.0045604705810547,1.0885071754455566
0.5999999642372131,1.6095203161239624,1.8819091320037842
0.5999999642372131,0.9010266661643982,-1.6512266397476196
0.5999999642372131,1.167689323425293,0.9717881083488464
0.5999999642372131,0.8167905211448669,-0.6894342303276062
0.5999999642372131,1.0025253295898438,0.7540423274040222
0.5999999642372131,0.5647404789924622,-0.9232441186904907
0.5999999642372131,0.44138026237487793,-0.07758456468582153
0.5999999642372131,0.40095242857933044,0.14546233415603638
0.5999999642372131,0.08530044555664062,-0.5949530601501465
0.5999999642372131,-2.858087100321427e-09,-0.27850767970085144
0.5999999642372131,6.477876013377681e-10,0.1394609808921814
0.5999999642372131,0.7060221433639526,2.155503988265991
0.5999999642372131,0.737159252166748,0.3381004333496094
0.5999999642372131,0.7864989042282104,0.38708198070526123
0.5999999642372131,0.7569254040718079,0.1748148798942566
0.5999999642372131,0.08249393105506897,-1.5599703788757324
0.5999999642372131,-5.369429345591925e-09,-0.09835018217563629
0.5999999642372131,1.7835191101767123e-09,-0.3463086187839508
0.5999999642372131,-0.0356161929666996,-0.39296093583106995
0.5999999642372131,7.515154720749706e-09,0.34773850440979004
0.5999999642372131,0.23554900288581848,0.9007155895233154
0.5999999642372131,0.15469838678836823,0.03662785887718201
0.5999999642372131,0.26410114765167236,0.5484046936035156
0.5999999642372131,-0.027096398174762726,-1.1830085515975952
0.5999999642372131,0.46691203117370605,1.5904290676116943
0.5999999642372131,0.5633081793785095,0.513552725315094
0.5999999642372131,0.6367930769920349,0.45196014642715454
0.5999999642372131,0.35136884450912476,-0.5135310292243958
0.5999999642372131,0.08576931804418564,-0.4603255093097687
0.5999999642372131,0.20712676644325256,0.581396758556366
0.5999999642372131,0.3455432951450348,0.6264793872833252
0.5999999642372131,-1.2699274520855397e-08,-0.8724645376205444
0.5999999642372131,-0.17891381680965424,-0.7541145086288452
0.5999999642372131,-0.27841413021087646,-0.5217797756195068
0.5999999642372131,0.29600024223327637,1.876092553138733
0.5999999642372131,0.29362547397613525,0.24776721000671387
0.5999999642372131,-1.5500518202316016e-08,-0.7142759561538696
0.5999999642372131,0.175856351852417,0.7461956739425659
0.5999999642372131,0.6941816806793213,1.648482084274292
0.5999999642372131,0.5503821969032288,-0.13251256942749023
0.5999999642372131,0.48820623755455017,0.08700484037399292
0.5999999642372131,0.3331415057182312,-0.16290870308876038
0.5999999642372131,0.5087302327156067,0.7265344262123108
0.5999999642372131,0.20601105690002441,-0.560113787651062
0.5999999642372131,0.7821415066719055,1.8040003776550293
0.5999999642372131,0.8489676117897034,0.4341434836387634
0.5999999642372131,0.1279071718454361,-1.6853699684143066
0.5999999642372131,-5.521826551557751e-09,-0.1035500317811966
0.5999999642372131,0.45140135288238525,1.4746488332748413
0.5999999642372131,0.044581182301044464,-0.8401881456375122
0.5999999642372131,0.20566777884960175,0.6954554319381714
0.5999999642372131,0.12816710770130157,0.0456264466047287
0.5999999642372131,0.3672751784324646,0.8973212838172913
0.5999999642372131,-6.057234713807702e-09,-0.8995572328567505
0.5999999642372131,0.08368465304374695,0.5105664134025574
0.5999999642372131,0.33036676049232483,0.9183595180511475
0.5999999642372131,0.6341208219528198,1.071318507194519
0.5999999642372131,0.308733195066452,-0.6210405230522156
0.5999999642372131,-4.693902155850083e-09,-0.9839781522750854
0.5999999642372131,4.0402028389507905e-09,0.1159939244389534
0.5999999642372131,-1.299213181482628e-09,0.068416066467762
0.5999999642372131,0.09205564111471176,0.5309243202209473
0.5999999642372131,1.823536877054721e-10,-0.4128972887992859
0.5999999642372131,0.5757074952125549,1.8070430755615234
0.5999999642372131,0.2732914686203003,-0.5592691898345947
0.5999999642372131,-0.4643413722515106,-2.2952070236206055
0.5999999642372131,-0.10677389800548553,0.7076805830001831
0.5999999642372131,0.12837077677249908,0.9440876841545105
0.5999999642372131,0.8028014898300171,2.0684099197387695
0.5999999642372131,-3.262175596319139e-08,-2.5007529258728027
0.5999999642372131,0.6681196093559265,2.054152488708496
0.5999999642372131,0.6476337909698486,0.19920992851257324
0.5999999642372131,0.5329051613807678,-0.05432778596878052
0.5999999642372131,0.14066176116466522,-0.8009380102157593
0.5999999642372131,0.2136375904083252,0.4504038691520691
0.5999999642372131,-0.19373059272766113,-1.4281643629074097
0.5999999642372131,1.8031414583674632e-08,0.3583197295665741
0.5999999642372131,0.3756600618362427,1.2719206809997559
0.5999999642372131,0.8410491943359375,1.5061633586883545
0.5999999642372131,3.1042873160913587e-08,-2.744133949279785
0.5999999642372131,1.6386820789193735e-09,0.10398068279027939
0.5999999642372131,0.3885017931461334,1.3058276176452637
0.5999999642372131,0.45721885561943054,0.43905672430992126
0.5999999642372131,-8.541974239051342e-09,-1.231510877609253
0.5999999642372131,5.039737516199239e-10,0.048222027719020844
0.5999999642372131,1.0466010280651972e-09,-0.036789439618587494
0.5999999642372131,0.04581020772457123,0.41847193241119385
0.5999999642372131,-0.2532274127006531,-1.080956220626831
0.5999999642372131,-0.9983805418014526,-2.258723258972168
0.5999999642372131,-0.1597442924976349,2.001598358154297
0.5999999642372131,0.6916409134864807,2.5635311603546143
0.5999999642372131,0.32444891333580017,-0.7334758639335632
0.5999999642372131,0.2959538400173187,0.17751196026802063
0.5999999642372131,0.5499006509780884,0.9373137950897217
0.5999999642372131,0.7152853608131409,0.6991795301437378
0.5999999642372131,0.6261394619941711,0.01452416181564331
0.5999999642372131,0.16748960316181183,-0.9795410633087158
0.5999999642372131,0.346820205450058,0.7365275025367737
0.5999999642372131,0.46779492497444153,0.5796200037002563
0.5999999642372131,0.5288779735565186,0.41855475306510925
0.5999999642372131,0.6472264528274536,0.5726351737976074
0.5999999642372131,1.8027470111846924,3.362849235534668
0.5999999642372131,1.5534939765930176,-0.4157106876373291
0.5999999642372131,1.1142313480377197,-0.9269773960113525
0.5999999642372131,0.7391258478164673,-0.7545780539512634
0.5999999642372131,0.9759361743927002,0.8914092779159546
0.5999999642372131,0.632893979549408,-0.668383777141571
0.5999999642372131,1.268186092376709,1.9633431434631348
0.5999999642372131,0.9700602293014526,-0.5474230051040649
0.5999999642372131,0.5886547565460205,-0.7715896368026733
0.5999999642372131,0.8786694407463074,1.0344712734222412
0.5999999642372131,1.5368680953979492,2.0250742435455322
0.5999999642372131,1.6269422769546509,0.49701666831970215
0.5999999642372131,1.7843209505081177,0.6781171560287476
0.5999999642372131,1.1440743207931519,-1.4675533771514893
0.5999999642372131,0.5062098503112793,-1.4614293575286865
0.5999999642372131,0.98966383934021,1.5548176765441895
0.5999999642372131,1.5679737329483032,1.8102092742919922
0.5999999642372131,1.1706738471984863,-0.8140833377838135
0.5999999642372131,0.6522950530052185,-1.1399815082550049
0.5999999642372131,0.04721705988049507,-1.3734452724456787
0.5999999642372131,0.3016287088394165,0.9412810206413269
0.5999999642372131,-1.9018443708773702e-08,-0.8273359537124634
0.5999999642372131,0.7457637190818787,2.261772632598877
0.5999999642372131,0.3769899606704712,-0.7377076148986816
0.5999999642372131,0.7512907981872559,1.2611209154129028
0.5999999642372131,1.1128350496292114,1.2269693613052368
0.5999999642372131,1.256953239440918,0.6422178745269775
0.5999999642372131,0.5594777464866638,-1.621742606163025
0.5999999642372131,0.4015771150588989,-0.17050617933273315
0.5999999642372131,0.47890013456344604,0.462213397026062
0.5999999642372131,0.5449851155281067,0.432015597820282
0.5999999642372131,3.203422238584608e-08,-1.280111312866211
0.5999999642372131,0.35426196455955505,1.2154219150543213
0.5999999642372131,0.8114241361618042,1.4840216636657715
0.5999999642372131,0.3962237536907196,-0.8625732064247131
0.5999999642372131,0.609100341796875,0.8268723487854004
0.5999999642372131,1.402355432510376,2.388277769088745
0.5999999642372131,0.7278525233268738,-1.5598788261413574
0.5999999642372131,1.0284532308578491,1.0630109310150146
0.5999999642372131,0.9320114254951477,-0.004965305328369141
0.5999999642372131,-1.3743601812166162e-08,-2.241537570953369
0.5999999642372131,0.4401509463787079,1.4445648193359375
0.5999999642372131,0.41382813453674316,0.18340656161308289
0.5999999642372131,0.6921752691268921,1.0030064582824707
0.5999999642372131,0.8183934092521667,0.593877911567688
0.5999999642372131,0.538806140422821,-0.4977487325668335
0.5999999642372131,0.2701699435710907,-0.4684121012687683
0.5999999642372131,0.09115523099899292,-0.2274344563484192
0.5999999642372131,0.08599505573511124,0.24599850177764893
0.5999999642372131,0.1555417776107788,0.4445471465587616
0.5999999642372131,0.9260880351066589,2.3269882202148438
0.5999999642372131,1.2128121852874756,1.025768756866455
0.5999999642372131,0.7119742035865784,-1.0927752256393433
0.5999999642372131,0.27683311700820923,-0.9162604808807373
0.5999999642372131,0.09157280623912811,-0.2442333996295929
0.5999999642372131,0.4784427285194397,1.2948081493377686
0.5999999642372131,-0.015938078984618187,-1.7703783512115479
0.5999999642372131,0.6575701832771301,2.0702507495880127
0.5999999642372131,0.6517016887664795,0.23852795362472534
0.5999999642372131,0.3780549466609955,-0.48184189200401306
0.5999999642372131,0.8627918362617493,1.5582126379013062
0.5999999642372131,0.27709200978279114,-1.3212220668792725
0.5999999642372131,0.30032750964164734,0.31665441393852234
0.5999999642372131,8.957158570410684e-09,-0.6048955917358398
0.5999999642372131,0.33588823676109314,1.1669085025787354
0.5999999642372131,-0.5810372233390808,-2.776726007461548
0.5999999642372131,-0.7459365725517273,-0.6978917717933655
0.5999999642372131,-0.2252936065196991,1.1462557315826416
0.5999999642372131,0.37753957509994507,1.9296116828918457
0.5999999642372131,1.2437340046744794e-08,-0.9076567888259888
0.5999999642372131,0.41506433486938477,1.3759620189666748
0.5999999642372131,-2.0789229893125594e-08,-1.559632658958435
0.5999999642372131,0.025599608197808266,0.37077221274375916
0.5999999642372131,0.14635305106639862,0.594676673412323
0.5999999642372131,0.49418535828590393,1.189814805984497
0.5999999642372131,0.20648740231990814,-0.5197112560272217
0.5999999642372131,0.1458466798067093,0.09098245203495026
0.5999999642372131,0.22624453902244568,0.4703724980354309
0.5999999642372131,0.5260945558547974,1.06076979637146
0.5999999642372131,0.6476230025291443,0.5811882019042969
0.5999999642372131,0.28634849190711975,-0.7175764441490173
0.5999999642372131,0.19784918427467346,0.016073614358901978
0.5999999642372131,0.22727276384830475,0.33326634764671326
0.5999999642372131,0.3915104568004608,0.6959512829780579
0.5999999642372131,0.8020334839820862,1.3585714101791382
0.5999999642372131,1.0033750534057617,0.7960197329521179
0.5999999642372131,1.2621917724609375,0.9507273435592651
0.5999999642372131,0.8812917470932007,-0.7701011896133423
0.5999999642372131,0.942209780216217,0.4182928800582886
0.5999999642372131,1.357848882675171,1.3725776672363281
0.5999999642372131,1.038476586341858,-0.6045396327972412
0.5999999642372131,0.044227927923202515,-2.4202065467834473
0.5999999642372131,0.6293370127677917,1.8274942636489868
0.5999999642372131,0.8596675992012024,0.8739290833473206
0.5999999642372131,0.6640640497207642,-0.2718004584312439
0.5999999642372131,0.01863287389278412,-1.481996774673462
0.5999999642372131,0.04778259992599487,0.3657965064048767
0.5999999642372131,0.05686817690730095,0.29997679591178894
0.5999999642372131,-0.03442170098423958,-0.5659888386726379
0.5999999642372131,0.1415083110332489,0.759623646736145
0.5999999642372131,0.5977572202682495,1.4814708232879639
0.5999999642372131,0.38739535212516785,-0.31161901354789734
0.5999999642372131,2.8775502869393677e-08,-1.0781866312026978
0.5999999642372131,-0.2752663791179657,-1.0068498849868774
0.5999999642372131,-0.4350469708442688,-0.6839861869812012
0.5999999642372131,-0.5404807329177856,-0.5378550887107849
0.5999999642372131,-0.4866296052932739,-0.10939955711364746
0.5999999642372131,-2.353954187128693e-08,1.7206199169158936
0.5999999642372131,0.320934534072876,1.1274253129959106
0.5999999642372131,0.19750744104385376,-0.07787245512008667
0.5999999642372131,-1.9540493667591363e-09,-0.38042885065078735
0.5999999642372131,0.27775126695632935,1.0134057998657227
0.5999999642372131,0.3178624212741852,0.3620527386665344
0.5999999642372131,0.3803812563419342,0.42235061526298523
0.5999999642372131,0.19785287976264954,-0.23683834075927734
0.5999999642372131,-1.088938006432727e-08,-0.7704256772994995
0.5999999642372131,3.134346115984954e-10,-0.07281120121479034
0.5999999642372131,-0.04250768944621086,-0.4107828736305237
0.5999999642372131,-0.16832982003688812,-0.6019375920295715
0.5999999642372131,1.0947587725240737e-08,0.7869874238967896
0.5999999642372131,0.4061286747455597,1.3523684740066528
0.5999999642372131,0.23337294161319733,-0.210536926984787
0.5999999642372131,0.25800958275794983,0.32040441036224365
0.5999999642372131,0.37500831484794617,0.5688842535018921
0.5999999642372131,0.10388516634702682,-0.47517484426498413
0.5999999642372131,0.3366914987564087,0.879114031791687
0.5999999642372131,0.4034692049026489,0.43381601572036743
0.5999999642372131,0.21174223721027374,-0.26157379150390625
0.5999999642372131,-6.5829226514324546e-09,-0.6298339366912842
0.5999999642372131,0.20762597024440765,0.8284339308738708
0.5999999642372131,0.18829402327537537,0.20211030542850494
0.5999999642372131,0.16545350849628448,0.19266316294670105
0.5999999642372131,0.27872952818870544,0.5588287115097046
0.5999999642372131,0.08106907457113266,-0.2775910794734955
0.5999999642372131,0.5845472812652588,1.608498454093933
0.5999999642372131,0.7959610819816589,0.8230201005935669
0.5999999642372131,0.6731867790222168,-0.07590663433074951
0.5999999642372131,0.4677375853061676,-0.29836952686309814
0.5999999642372131,0.7624317407608032,1.047006607055664
0.5999999642372131,0.06833519041538239,-1.6128712892532349
0.5999999642372131,0.2760319411754608,0.8157393932342529
0.5999999642372131,-2.6367160899098963e-08,-0.7808645963668823
0.5999999642372131,0.3609936833381653,1.2331960201263428
0.5999999642372131,0.21463006734848022,-0.13955795764923096
0.5999999642372131,0.7017618417739868,1.5645830631256104
0.5999999642372131,0.36755961179733276,-0.6447234749794006
0.5999999642372131,0.5598894357681274,0.7715851664543152
0.5999999642372131,0.24830976128578186,-0.5839283466339111
0.5999999642372131,-7.397829904220998e-09,-0.6574068069458008
0.5999999642372131,0.5418946146965027,1.716626763343811
0.5999999642372131,0.2088894248008728,-0.6415740847587585
0.5999999642372131,0.6944081783294678,1.560241460800171
0.5999999642372131,1.0632617473602295,1.2466076612472534
0.5999999642372131,1.0662890672683716,0.2626383304595947
0.5999999642372131,0.663680911064148,-0.8285861611366272
0.5999999642372131,0.229079008102417,-0.9148321151733398
0.5999999642372131,-1.461012288928032e-08,-0.7998173832893372
0.5999999642372131,-0.14468589425086975,-0.6645076274871826
0.5999999642372131,-0.2711145579814911,-0.5942068099975586
0.5999999642372131,-0.46089810132980347,-0.7646974325180054
0.5999999642372131,0.09302085638046265,1.8987011909484863
0.5999999642372131,0.5910422205924988,1.5938241481781006
0.5999999642372131,0.5542575716972351,0.1553289294242859
0.5999999642372131,1.0775703191757202,1.662065029144287
0.5999999642372131,0.8752269148826599,-0.2898358702659607
0.5999999642372131,0.6073253154754639,-0.4662880301475525
0.5999999642372131,0.4247887134552002,-0.23676025867462158
0.5999999642372131,1.0513992309570312,1.9398963451385498
0.5999999642372131,0.6827012300491333,-0.7373683452606201
0.5999999642372131,0.41825881600379944,-0.45706668496131897
0.5999999642372131,0.03285595774650574,-0.7825868129730225
0.5999999642372131,-0.08012212812900543,-0.6018679141998291
0.5999999642372131,-4.738467396236956e-09,0.5644687414169312
0.5999999642372131,0.08718309551477432,0.5190739631652832
0.5999999642372131,-0.2738097906112671,-1.255684494972229
0.5999999642372131,-0.49228864908218384,-0.8418936729431152
0.5999999642372131,1.343323674518615e-08,1.450608491897583
0.5999999642372131,-1.2175860319985077e-10,-0.059166230261325836
0.5999999642372131,7.833023119019344e-11,-0.0791027769446373
0.5999999642372131,0.5384896397590637,1.7075217962265015
0.5999999642372131,0.38812923431396484,-0.15023139119148254
0.5999999642372131,0.28265881538391113,-0.02953624725341797
0.5999999642372131,1.0024009943008423,2.1903727054595947
0.5999999642372131,0.8160811066627502,-0.2467634081840515
0.5999999642372131,0.552147626876831,-0.45563867688179016
0.5999999642372131,-3.65016603609547e-08,-1.856107473373413
0.5999999642372131,0.9270842671394348,2.7466228008270264
0.5999999642372131,0.9390005469322205,0.286490261554718
0.5999999642372131,0.3509628474712372,-1.3274779319763184
0.5999999642372131,0.15003398060798645,-0.2863515317440033
0.5999999642372131,0.12116968631744385,0.1764412820339203
0.5999999642372131,-1.1141764844069257e-08,-0.4676608443260193
0.5999999642372131,0.8384791016578674,2.509692668914795
0.5999999642372131,1.9768617153167725,3.3168282508850098
0.5999999642372131,1.2291630506515503,-1.7565332651138306
0.5999999642372131,1.014783501625061,-0.3221491575241089
0.5999999642372131,0.14427688717842102,-2.087332248687744
0.5999999642372131,-0.1921214461326599,-1.2162328958511353
0.5999999642372131,0.06555601954460144,1.0549812316894531
0.5999999642372131,6.946265784790739e-10,0.07210254669189453
0.5999999642372131,0.14125686883926392,0.6558650135993958
0.5999999642372131,0.291910856962204,0.659370481967926
0.5999999642372131,1.7244929040316492e-08,-0.6352859735488892
0.5999999642372131,0.24495944380760193,0.9250749349594116
0.5999999642372131,-0.18493306636810303,-1.4998172521591187
0.5999999642372131,-2.277920430060476e-08,0.30396443605422974
0.5999999642372131,-6.036771083017811e-11,0.015541523694992065
0.5999999642372131,-2.5961526262108237e-09,-0.16202527284622192
0.5999999642372131,0.10918360948562622,0.5750786066055298
0.5999999642372131,0.023402567952871323,0.03067868947982788
0.5999999642372131,1.6223111742874607e-09,0.10460279881954193
0.5999999642372131,0.32695889472961426,1.14333176612854
0.5999999642372131,0.6642727851867676,1.1615978479385376
0.5999999642372131,2.7914211386814713e-08,-2.1315622329711914
0.5999999642372131,0.02987056039273739,0.38023075461387634
0.5999999642372131,-1.6726744433981366e-09,-0.1175096184015274
0.5999999642372131,0.2995963990688324,1.07108473777771
0.5999999642372131,0.3412014842033386,0.3660810887813568
0.5999999642372131,-3.0160663300193846e-08,-1.3253655433654785
0.5999999642372131,-0.4193952977657318,-1.3874019384384155
0.5999999642372131,0.10916905105113983,1.8228759765625
0.5999999642372131,-3.72853037333698e-09,-0.1143740639090538
0.5999999642372131,-0.22463664412498474,-0.8724730014801025
0.5999999642372131,-0.03843184933066368,0.24679255485534668
0.5999999642372131,-6.4887899497989565e-09,-0.22967419028282166
0.5999999642372131,0.36007559299468994,1.2307716608047485
0.5999999642372131,-1.6820195014588535e-08,-1.3244855403900146
0.5999999642372131,0.27527138590812683,1.0068578720092773
0.5999999642372131,-9.532413969282061e-09,-0.7150400876998901
0.5999999642372131,-0.15443338453769684,-0.6890596151351929
0.5999999642372131,-6.930008566996548e-09,0.12936431169509888
0.5999999642372131,0.45602571964263916,1.487013816833496
0.5999999642372131,0.4498221278190613,0.23753714561462402
0.5999999642372131,0.8008362054824829,1.1985080242156982
0.5999999642372131,0.7955259084701538,0.24009263515472412
0.5999999642372131,0.6833595037460327,-0.047370076179504395
0.5999999642372131,0.2972336709499359,-0.7844146490097046
0.5999999642372131,0.9522607326507568,2.016284704208374
0.5999999642372131,0.3188260495662689,-1.4495965242385864
0.5999999642372131,1.517082637292333e-08,-0.668241024017334
0.5999999642372131,0.22383767366409302,0.8703991770744324
0.5999999642372131,0.492560476064682,0.9770312905311584
0.5999999642372131,0.5582534074783325,0.4309663474559784
0.5999999642372131,0.6625991463661194,0.534977912902832
0.5999999642372131,0.369363933801651,-0.5345332026481628
0.5999999642372131,0.1642434149980545,-0.29761990904808044
0.5999999642372131,0.18981558084487915,0.3228905200958252
0.5999999642372131,-1.039416019921191e-08,-0.2716148793697357
0.5999999642372131,1.0432316064834595,3.0604867935180664
0.5999999642372131,0.41875436902046204,-1.425459861755371
0.5999999642372131,0.2885034680366516,-0.09618678689002991
0.5999999642372131,1.0145010948181152,2.2072036266326904
0.5999999642372131,0.6477542519569397,-0.7321368455886841
0.5999999642372131,0.4823424220085144,-0.19067436456680298
0.5999999642372131,0.7367765307426453,0.9387063384056091
0.5999999642372131,0.4179043769836426,-0.6034684181213379
0.5999999642372131,0.25972267985343933,-0.17132550477981567
0.5999999642372131,0.4196391999721527,0.6843407154083252
0.5999999642372131,0.35273903608322144,0.07423746585845947
0.5999999642372131,8.475581125821918e-09,-0.8240494728088379
0.5999999642372131,0.16760504245758057,0.7248356938362122
0.5999999642372131,0.3465762138366699,0.7355599999427795
0.5999999642372131,0.14779125154018402,-0.2805865705013275
0.5999999642372131,-0.3270937204360962,-1.5715279579162598
0.5999999642372131,1.9172148313373327e-08,1.3183703422546387
0.5999999642372131,0.13765406608581543,0.6467901468276978
0.5999999642372131,0.034753475338220596,-0.024799227714538574
0.5999999642372131,-5.563833838095888e-10,-0.14088524878025055
0.5999999642372131,0.3000919818878174,1.0723930597305298
0.5999999642372131,-2.0569132175296545e-08,-0.8302276730537415
0.5999999642372131,0.2964109778404236,1.0626739263534546
0.5999999642372131,0.3732231557369232,0.4607924222946167
0.5999999642372131,1.0695748329162598,2.127488613128662
0.5999999642372131,1.289971113204956,0.8473986387252808
0.5999999642372131,0.8342970609664917,-0.9712437391281128
0.5999999642372131,0.865570604801178,0.3385237455368042
0.5999999642372131,0.517454981803894,-0.6820802092552185
0.5999999642372131,0.40360257029533386,-0.05202829837799072
0.5999999642372131,0.4037846624851227,0.2546924650669098
0.5999999642372131,0.7522941827774048,1.1917500495910645
0.5999999642372131,1.0100728273391724,0.9478223323822021
0.5999999642372131,1.247115969657898,0.8921555280685425
0.5999999642372131,1.3486804962158203,0.5278002023696899
0.5999999642372131,1.2647618055343628,0.028864622116088867
0.5999999642372131,0.5485453605651855,-1.6721559762954712
0.5999999642372131,0.2444871962070465,-0.5636990070343018
0.5999999642372131,-0.10475261509418488,-1.3036631345748901
0.5999999642372131,-0.5249001979827881,-1.384340763092041
0.5999999642372131,-1.586522557772696e-08,1.535860300064087
0.5999999642372131,3.306013240944594e-09,0.3325376808643341
0.5999999642372131,-1.8189894035458565e-12,0.17000660300254822
0.5999999642372131,0.17895254492759705,0.7542096376419067
0.5999999642372131,0.613328218460083,1.4226444959640503
0.5999999642372131,1.084293007850647,1.5212669372558594
0.5999999642372131,0.6892147660255432,-0.8083219528198242
0.5999999642372131,0.8808345198631287,0.769817054271698
0.5999999642372131,0.921535313129425,0.36390525102615356
0.5999999642372131,0.5756351351737976,-0.6760966777801514
0.5999999642372131,0.6253441572189331,0.388003945350647
0.5999999642372131,0.34375011920928955,-0.503233015537262
0.5999999642372131,0.274570494890213,0.06807172298431396
0.5999999642372131,0.5524943470954895,1.0018057823181152
0.5999999642372131,0.6642242074012756,0.5548399090766907
0.5999999642372131,0.061057887971401215,-1.3682973384857178
0.5999999642372131,0.6320582032203674,1.7901349067687988
0.5999999642372131,1.0471841096878052,1.3710594177246094
0.5999999642372131,1.0725233554840088,0.3226531744003296
0.5999999642372131,0.49983251094818115,-1.2861340045928955
0.5999999642372131,0.13185778260231018,-0.7356664538383484
0.5999999642372131,-0.19932305812835693,-1.1971654891967773
0.5999999642372131,7.066773832775652e-10,0.47033798694610596
0.5999999642372131,0.6389279365539551,1.976093053817749
0.5999999642372131,0.14255616068840027,-1.0810143947601318
0.5999999642372131,0.35992151498794556,0.8388354778289795
0.5999999642372131,0.21477340161800385,-0.13628876209259033
0.5999999642372131,0.8261716961860657,1.8988797664642334
0.5999999642372131,0.780326783657074,0.13105922937393188
0.5999999642372131,0.8028074502944946,0.31484586000442505
0.5999999642372131,0.19330349564552307,-1.3852853775024414
0.5999999642372131,0.3101458251476288,0.5684345960617065
0.5999999642372131,0.747607946395874,1.4310052394866943
0.5999999642372131,1.0460305213928223,1.057159185409546
0.5999999642372131,0.4684599041938782,-1.299272060394287
0.5999999642372131,0.3246062695980072,-0.13275837898254395
0.5999999642372131,0.984794557094574,2.0301811695098877
0.5999999642372131,1.1789922714233398,0.776881992816925
0.5999999642372131,0.9251841902732849,-0.42824065685272217
0.5999999642372131,0.44554832577705383,-1.035866379737854
0.5999999642372131,0.06683539599180222,-0.7645780444145203
0.5999999642372131,-0.15213800966739655,-0.8835127353668213
0.5999999642372131,-1.9454091670922935e-09,0.7875127792358398
0.5999999642372131,-0.21987119317054749,-0.8601374626159668
0.5999999642372131,-0.5688352584838867,-1.1928966045379639
0.5999999642372131,0.2808128297328949,2.6694791316986084
0.5999999642372131,0.3032015264034271,0.31437745690345764
0.5999999642372131,0.31074395775794983,0.2744487226009369
0.5999999642372131,0.6894806027412415,1.2730244398117065
0.5999999642372131,0.25673627853393555,-0.9098238945007324
0.5999999642372131,-2.3019310901872814e-09,-0.9181578159332275
0.5999999642372131,0.667685866355896,2.052992343902588
0.5999999642372131,0.864977240562439,0.7850648164749146
0.5999999642372131,0.6353931427001953,-0.3632121682167053
0.5999999642372131,0.8186987638473511,0.7474267482757568
0.5999999642372131,-8.00719135440886e-09,-1.9148030281066895
0.5999999642372131,5.427409632829949e-09,0.30015912652015686
0.5999999642372131,-3.627064870670438e-09,-0.17272430658340454
0.5999999642372131,0.22646091878414154,0.8771893978118896
0.5999999642372131,0.08535182476043701,-0.12548211216926575
0.5999999642372131,0.29768168926239014,0.8263241648674011
0.5999999642372131,0.6885220408439636,1.3055797815322876
0.5999999642372131,0.4512005150318146,-0.3841055929660797
0.5999999642372131,0.9736419320106506,1.6596760749816895
0.5999999642372131,1.0165642499923706,0.36992186307907104
0.5999999642372131,0.5003238916397095,-1.1342971324920654
0.5999999642372131,0.20802605152130127,-0.5320835709571838
0.5999999642372131,0.5287845730781555,1.1170085668563843
0.5999999642372131,0.7669681310653687,0.8950100541114807
0.5999999642372131,0.4286869168281555,-0.6556680202484131
0.5999999642372131,1.1606806516647339,2.223395347595215
0.5999999642372131,0.9066568613052368,-0.4288285970687866
0.5999999642372131,0.7513899803161621,-0.1632688045501709
0.5999999642372131,0.999935507774353,0.9229837656021118
0.5999999642372131,0.9092241525650024,0.010437488555908203
0.5999999642372131,1.3384679555892944,1.4091609716415405
0.5999999642372131,0.5730019807815552,-1.804612636566162
0.5999999642372131,0.21889513731002808,-0.6983274817466736
0.5999999642372131,0.7019699215888977,1.5536701679229736
0.5999999642372131,0.9554887413978577,0.9363407492637634
0.5999999642372131,0.41341546177864075,-1.2038195133209229
0.5999999642372131,-0.4789332151412964,-2.7309694290161133
0.5999999642372131,1.4380930224433541e-08,1.6110023260116577
0.5999999642372131,-1.5159002941800281e-09,-0.10367525368928909
0.5999999642372131,0.08969293534755707,0.5251772999763489
0.5999999642372131,-4.100456862943247e-09,-0.2293904572725296
0.5999999642372131,0.1653558313846588,0.7190132141113281
0.5999999642372131,7.849848771002144e-09,-0.6761245727539062
0.5999999642372131,-0.12313272058963776,-0.6102196574211121
0.5999999642372131,-0.1863516867160797,-0.4236028790473938
0.5999999642372131,0.6959245204925537,2.651010274887085
0.5999999642372131,0.32781046628952026,-0.7359553575515747
0.5999999642372131,-2.1047526388429105e-08,-0.6073330640792847
0.5999999642372131,4.490630090003833e-10,0.035853855311870575
0.5999999642372131,0.24142828583717346,0.9159339070320129
0.5999999642372131,0.12037087976932526,-0.07153311371803284
0.5999999642372131,0.4974195957183838,1.2683995962142944
0.5999999642372131,0.9169914126396179,1.382960319519043
0.5999999642372131,1.004607081413269,0.4901290535926819
0.5999999642372131,0.2813502848148346,-1.6912100315093994
0.5999999642372131,-2.2253516362980008e-08,-0.8460230827331543
0.5999999642372131,-0.29285377264022827,-1.0532872676849365
0.5999999642372131,-0.3613377809524536,-0.4383919835090637
0.5999999642372131,0.155332550406456,1.7651941776275635
0.5999999642372131,0.805020809173584,2.001859426498413
0.5999999642372131,0.53738933801651,-0.46559208631515503
0.5999999642372131,0.3572702407836914,-0.23028826713562012
0.5999999642372131,0.09175833314657211,-0.46008822321891785
0.5999999642372131,0.4848857820034027,1.3116413354873657
0.5999999642372131,1.119675874710083,1.9619263410568237
0.5999999642372131,1.2603869438171387,0.6330540180206299
0.5999999642372131,1.1701067686080933,0.011712193489074707
0.5999999642372131,0.40846869349479675,-1.7943899631500244
0.5999999642372131,0.6042744517326355,0.7809536457061768
0.5999999642372131,-0.08948974311351776,-2.296243906021118
0.5999999642372131,-0.16422003507614136,-0.457461953163147
0.5999999642372131,-0.38436055183410645,-0.8463158011436462
0.5999999642372131,0.1907293200492859,1.9189972877502441
0.5999999642372131,0.5786932110786438,1.2977943420410156
0.5999999642372131,0.49762284755706787,0.03618723154067993
0.5999999642372131,0.7327256202697754,0.8867082595825195
0.5999999642372131,0.5861029028892517,-0.14009088277816772
0.5999999642372131,0.7280988097190857,0.6362749934196472
0.5999999642372131,0.841288685798645,0.5588447451591492
0.5999999642372131,0.34996870160102844,-1.0673346519470215
0.5999999642372131,0.6121581196784973,0.9595108032226562
0.5999999642372131,3.892415634254576e-08,-1.3973445892333984
0.5999999642372131,0.27089545130729675,0.995303213596344
0.5999999642372131,0.42460891604423523,0.6676578521728516
0.5999999642372131,0.23689572513103485,-0.2507671117782593
0.5999999642372131,0.961158812046051,2.202514171600342
0.5999999642372131,0.5746461749076843,-0.7853325605392456
0.5999999642372131,0.1991533637046814,-0.7558587193489075
0.5999999642372131,0.34602218866348267,0.6492131948471069
0.5999999642372131,0.14710669219493866,-0.28093793988227844
0.5999999642372131,0.08643291890621185,0.08976715803146362
0.5999999642372131,7.870539775467478e-09,0.04734016954898834
0.5999999642372131,-0.4589518904685974,-1.4948437213897705
0.5999999642372131,-0.9692486524581909,-1.6270129680633545
0.5999999642372131,-0.5586878657341003,0.8500176668167114
0.5999999642372131,-9.55697032622993e-09,1.7434778213500977
0.5999999642372131,0.5796749591827393,1.817650556564331
0.5999999642372131,6.830305210314691e-09,-1.513553500175476
0.5999999642372131,0.876695454120636,2.6118829250335693
0.5999999642372131,0.46370720863342285,-0.8565940856933594
0.5999999642372131,0.021647175773978233,-0.9349844455718994
0.5999999642372131,0.6666964292526245,1.9901673793792725
0.5999999642372131,0.7928625345230103,0.5937261581420898
0.5999999642372131,1.2799785137176514,1.5647953748703003
0.5999999642372131,1.5252599716186523,0.9144353866577148
0.5999999642372131,0.9520778059959412,-1.2872542142868042
0.5999999642372131,0.7014008164405823,-0.41991764307022095
0.5999999642372131,0.19452513754367828,-1.109243631362915
0.5999999642372131,0.12114524096250534,0.056706205010414124
0.5999999642372131,0.4039948880672455,1.0149890184402466
0.5999999642372131,0.7390670776367188,1.1556010246276855
0.5999999642372131,0.7332788705825806,0.2387790083885193
0.5999999642372131,0.1391417384147644,-1.3439767360687256
0.5999999642372131,0.5092118978500366,1.2496345043182373
0.5999999642372131,0.6588886976242065,0.656903862953186
0.5999999642372131,1.2081098556518555,1.7318092584609985
0.5999999642372131,0.4302787780761719,-1.8379336595535278
0.5999999642372131,0.28663450479507446,-0.13221228122711182
0.5999999642372131,0.29065823554992676,0.2649751305580139
0.5999999642372131,0.3322112560272217,0.36593693494796753
0.5999999642372131,0.17877955734729767,-0.1585853099822998
0.5999999642372131,-4.133653419557959e-09,-0.39956027269363403
0.5999999642372131,0.4212307333946228,1.392242670059204
0.5999999642372131,-0.4077609181404114,-2.573117256164551
0.5999999642372131,0.0636359304189682,1.6821129322052002
0.5999999642372131,0.2253415584564209,0.6928514242172241
0.5999999642372131,-1.1939846444875002e-08,-0.6839593648910522
0.5999999642372131,0.9061636924743652,2.690680980682373
0.5999999642372131,0.2552676796913147,-1.4965920448303223
0.5999999642372131,0.5167441964149475,0.9575510621070862
0.5999999642372131,1.1207157373428345,1.8790333271026611
0.5999999642372131,0.7079089879989624,-0.8559987545013428
0.5999999642372131,0.42255404591560364,-0.5133147239685059
0.5999999642372131,0.15113618969917297,-0.47594746947288513
0.5999999642372131,-1.4441866369452327e-08,-0.7944139242172241
0.5999999642372131,2.8026079235132784e-09,0.3352735638618469
0.5999999642372131,0.1377948522567749,0.6471443176269531
0.5999999642372131,0.4703376293182373,1.1486788988113403
0.5999999642372131,0.2098284214735031,-0.4465802311897278
0.5999999642372131,0.4110262989997864,0.7953715920448303
0.5999999642372131,0.7691285014152527,1.2175586223602295
0.5999999642372131,0.9465234279632568,0.731584370136261
0.5999999642372131,0.24923014640808105,-1.6213903427124023
0.5999999642372131,0.24049346148967743,0.23063093423843384
0.5999999642372131,0.1624334454536438,0.04413615167140961
0.5999999642372131,0.27751395106315613,0.5636810660362244
0.5999999642372131,0.15913745760917664,-0.064305379986763
0.5999999642372131,0.09049604833126068,0.06943771243095398
0.5999999642372131,4.9980144467554055e-09,-0.011319771409034729
0.5999999642372131,0.24129007756710052,0.9155759215354919
0.5999999642372131,0.03829819709062576,-0.2919505536556244
0.5999999642372131,0.07627265155315399,0.3760218918323517
0.5999999642372131,1.2206926345825195,3.3327338695526123
0.5999999642372131,1.0634781122207642,-0.16837036609649658
0.5999999642372131,0.48235124349594116,-1.3088315725326538
0.5999999642372131,0.7728608846664429,1.0357551574707031
0.5999999642372131,0.41374528408050537,-0.7117141485214233
0.5999999642372131,0.3526384234428406,0.08981931209564209
0.5999999642372131,-2.789420250337571e-09,-0.9239807724952698
0.5999999642372131,0.4087924659252167,1.3594013452529907
0.5999999642372131,0.5318275094032288,0.5851885080337524
0.5999999642372131,0.329589307308197,-0.28979483246803284
0.5999999642372131,0.6229743361473083,1.0434229373931885
0.5999999642372131,0.33017659187316895,-0.5333744287490845
0.5999999642372131,0.11299017071723938,-0.33009713888168335
0.5999999642372131,2.5665940484032035e-09,-0.2841440439224243
0.5999999642372131,-0.24310648441314697,-0.9202843904495239
0.5999999642372131,0.3788827657699585,1.9853770732879639
0.5999999642372131,-0.2505592405796051,-2.051877498626709
0.5999999642372131,0.10150793194770813,1.3140805959701538
0.5999999642372131,0.2932378947734833,0.7695271968841553
0.5999999642372131,0.4588888883590698,0.6997815370559692
0.5999999642372131,0.3474236726760864,-0.045632779598236084
0.5999999642372131,0.03197048604488373,-0.5944430828094482
0.5999999642372131,0.04749825596809387,0.3241386413574219
0.5999999642372131,0.1009284183382988,0.41198310256004333
0.5999999642372131,0.09015285223722458,0.22807163000106812
0.5999999642372131,0.6715471148490906,1.8181086778640747
0.5999999642372131,0.41397425532341003,-0.43859249353408813
0.5999999642372131,0.1495979279279709,-0.4570084810256958
0.5999999642372131,1.0486935377120972,2.6728034019470215
0.5999999642372131,0.757865309715271,-0.5278881788253784
0.5999999642372131,0.7285962700843811,0.17562007904052734
0.5999999642372131,0.375622034072876,-0.6952125430107117
0.5999999642372131,0.36740580201148987,0.23208683729171753
0.5999999642372131,0.5122020244598389,0.6437115669250488
0.5999999642372131,0.7945204973220825,1.0137324333190918
0.5999999642372131,0.6968433856964111,-0.008392572402954102
0.5999999642372131,0.06097136437892914,-1.456267237663269
0.5999999642372131,-1.1013696621375857e-09,-0.07370515167713165
0.5999999642372131,0.39013442397117615,1.3101372718811035
0.5999999642372131,0.4223499596118927,0.3408612310886383
0.5999999642372131,-2.6162524591200054e-08,-1.0910837650299072
0.5999999642372131,-2.9251623345771804e-10,-0.024452630430459976
0.5999999642372131,0.27494001388549805,1.0059822797775269
0.5999999642372131,0.6733942031860352,1.3260517120361328
0.5999999642372131,1.1336874961853027,1.4925847053527832
0.5999999642372131,1.8650321960449219,2.2219598293304443
0.5999999642372131,1.6257894039154053,-0.38875484466552734
0.5999999642372131,1.272190809249878,-0.6964978575706482
0.5999999642372131,0.7994046807289124,-1.0172860622406006
0.5999999642372131,0.6503511071205139,-0.1466013789176941
0.5999999642372131,0.5853750705718994,0.07951515913009644
0.5999999642372131,0.5315817594528198,0.10956943035125732
0.5999999642372131,0.7668813467025757,0.8872525691986084
0.5999999642372131,-0.19802194833755493,-3.0138068199157715
0.5999999642372131,-0.017279086634516716,0.23211021721363068
0.5999999642372131,0.5749898552894592,1.8531582355499268
0.5999999642372131,0.5397814512252808,0.15956175327301025
0.5999999642372131,0.46310824155807495,0.047998905181884766
0.5999999642372131,-2.3343091015703976e-08,-1.0154707431793213
0.5999999642372131,0.07322664558887482,0.48513177037239075
0.5999999642372131,0.6810309290885925,1.8891483545303345
0.5999999642372131,0.4768182039260864,-0.29504072666168213
0.5999999642372131,0.5036302804946899,0.3263632655143738
0.5999999642372131,0.4732799828052521,0.17259907722473145
0.5999999642372131,0.35170310735702515,-0.07282841205596924
0.5999999642372131,0.7126553654670715,1.2251996994018555
0.5999999642372131,0.4024871587753296,-0.5800642371177673
0.5999999642372131,0.6211286187171936,0.842382550239563
0.5999999642372131,0.874091625213623,0.9348096251487732
0.5999999642372131,0.6790578961372375,-0.27026283740997314
0.5999999642372131,0.7123696804046631,0.3439376950263977
0.5999999642372131,0.23688098788261414,-1.0248035192489624
0.5999999642372131,-4.406501830089837e-09,-0.8711822032928467
0.5999999642372131,0.03736615553498268,0.396830677986145
0.5999999642372131,0.24472081661224365,0.8192229270935059
0.5999999642372131,0.5530321002006531,1.083539366722107
0.5999999642372131,0.5155846476554871,0.15352845191955566
0.5999999642372131,0.20942801237106323,-0.5693597793579102
0.5999999642372131,0.2490120381116867,0.3606037497520447
0.5999999642372131,0.15896004438400269,0.011879399418830872
0.5999999642372131,0.18205831944942474,0.3162321448326111
0.5999999642372131,0.12279608100652695,0.09467919170856476
0.5999999642372131,-0.2775556147098541,-1.369922161102295
0.5999999642372131,-6.604750524275005e-09,0.8118287324905396
0.5999999642372131,0.31218498945236206,1.1043223142623901
0.5999999642372131,0.39963749051094055,0.48942291736602783
0.5999999642372131,0.89063960313797,1.5750757455825806
0.5999999642372131,0.4356926381587982,-0.9694637060165405
0.5999999642372131,0.8383901119232178,1.3375372886657715
0.5999999642372131,0.8867657780647278,0.3845329284667969
0.5999999642372131,1.2858866453170776,1.328115463256836
0.5999999642372131,0.7767516374588013,-1.1150636672973633
0.5999999642372131,5.487891030497849e-09,-1.891597867012024
0.5999999642372131,0.11922475695610046,0.6003695130348206
0.5999999642372131,-8.789356797933578e-09,-0.5549620985984802
0.5999999642372131,0.4711909592151642,1.5275646448135376
0.5999999642372131,0.15313544869422913,-0.6013892292976379
0.5999999642372131,0.4007725119590759,0.9202753305435181
0.5999999642372131,0.5039188861846924,0.53168123960495
0.5999999642372131,0.5617157816886902,0.4097294807434082
0.5999999642372131,0.3545098900794983,-0.30314579606056213
0.5999999642372131,-2.3308530217036605e-08,-1.1930474042892456
0.5999999642372131,-0.17084451019763947,-0.7332276105880737
0.5999999642372131,8.991264621727169e-09,0.8336784243583679
0.5999999642372131,3.7443896871991456e-09,0.14573945105075836
0.5999999642372131,0.20756666362285614,0.8282793760299683
0.5999999642372131,-9.502400644123554e-09,-0.6258071064949036
0.5999999642372131,-0.3527528941631317,-1.2114430665969849
0.5999999642372131,-8.085407898761332e-09,1.263163447380066
0.5999999642372131,0.11306273192167282,0.5848484635353088
0.5999999642372131,0.6112431883811951,1.5942598581314087
0.5999999642372131,0.5639427304267883,0.12704771757125854
0.5999999642372131,0.3707771301269531,-0.26537421345710754
0.5999999642372131,0.16135023534297943,-0.30920493602752686
0.5999999642372131,0.06862247735261917,0.004642322659492493
0.5999999642372131,0.2666930556297302,0.7899675369262695
0.5999999642372131,-3.5697667044587433e-09,-0.5016254782676697
0.5999999642372131,0.36591488122940063,1.2461886405944824
0.5999999642372131,0.5949973464012146,0.8704541325569153
0.5999999642372131,0.08361806720495224,-1.12140691280365
0.5999999642372131,0.09330280870199203,0.28703922033309937
0.5999999642372131,0.07732069492340088,0.21723884344100952
0.5999999642372131,0.19714513421058655,0.579226553440094
0.5999999642372131,0.1805361658334732,0.20943006873130798
0.5999999642372131,-0.023174865171313286,-0.9231069087982178
0.5999999642372131,0.6980546712875366,2.1986236572265625
0.5999999642372131,0.45099496841430664,-0.41029852628707886
0.5999999642372131,1.0987271070480347,1.996727705001831
0.5999999642372131,1.1634833812713623,0.4287135601043701
0.5999999642372131,0.758059561252594,-0.836118757724762
0.5999999642372131,0.9906986951828003,0.8801955580711365
0.5999999642372131,1.042268991470337,0.3931933641433716
0.5999999642372131,1.4499309062957764,1.3511600494384766
0.5999999642372131,1.4949623346328735,0.3758053779602051
0.5999999642372131,1.0827716588974,-0.8541761040687561
0.5999999642372131,0.670305073261261,-0.8551005721092224
0.5999999642372131,0.30014437437057495,-0.741472601890564
0.5999999642372131,0.11908695846796036,-0.23291748762130737
0.5999999642372131,-5.417405191110447e-09,-0.40070590376853943
0.5999999642372131,0.40184709429740906,1.3410625457763672
0.5999999642372131,-0.19013598561286926,-1.9674726724624634
0.5999999642372131,8.67339622345753e-09,0.4199201464653015
0.5999999642372131,-0.24799683690071106,-0.9348492622375488
0.5999999642372131,9.621544450055808e-09,0.6457197070121765
0.5999999642372131,0.524490475654602,1.6700873374938965
0.5999999642372131,0.8950002193450928,1.2509865760803223
0.5999999642372131,0.6000094413757324,-0.5391542911529541
0.5999999642372131,0.8163610100746155,0.8363094329833984
0.5999999642372131,0.33630260825157166,-1.0370509624481201
0.5999999642372131,0.42802533507347107,0.5009212493896484
0.5999999642372131,0.9884287714958191,1.7617889642715454
0.5999999642372131,0.39800122380256653,-1.3338854312896729
0.5999999642372131,0.6936253905296326,1.0494766235351562
0.5999999642372131,1.0572007894515991,1.2324068546295166
0.5999999642372131,0.18365952372550964,-2.095478057861328
0.5999999642372131,0.4014156758785248,0.8399043083190918
0.5999999642372131,0.018340595066547394,-0.7763330340385437
0.5999999642372131,0.21811985969543457,0.8017592430114746
0.5999999642372131,0.03668864816427231,-0.23395931720733643
0.5999999642372131,0.3354528844356537,1.0626071691513062
0.5999999642372131,-2.338128979317844e-08,-1.0103859901428223
0.5999999642372131,0.6845317482948303,2.0980372428894043
0.5999999642372131,0.7496657371520996,0.4295470118522644
0.5999999642372131,0.9212048649787903,0.7158224582672119
0.5999999642372131,0.41033056378364563,-1.1199042797088623
0.5999999642372131,0.8387815356254578,1.406807780265808
0.5999999642372131,0.25646376609802246,-1.3121356964111328
0.5999999642372131,0.06473778933286667,-0.26163697242736816
0.5999999642372131,0.17916469275951385,0.5677731037139893
0.5999999642372131,0.34487801790237427,0.6998986005783081
0.5999999642372131,-9.714312909636647e-09,-0.9360859990119934
0.5999999642372131,0.5414468050003052,1.7154288291931152
0.5999999642372131,1.174863576889038,1.9582566022872925
0.5999999642372131,0.6357725262641907,-1.1957005262374878
0.5999999642372131,0.7838648557662964,0.6526967883110046
0.5999999642372131,0.26580455899238586,-1.139296531677246
0.5999999642372131,0.8600096106529236,1.8526489734649658
0.5999999642372131,1.3412654399871826,1.5490596294403076
0.5999999642372131,1.244598388671875,-0.005434274673461914
0.5999999642372131,0.8157813549041748,-0.8990144729614258
0.5999999642372131,0.9108787775039673,0.5102108716964722
0.5999999642372131,1.2146265506744385,1.0715569257736206
0.5999999642372131,1.0876520872116089,-0.08702254295349121
0.5999999642372131,1.2199259996414185,0.610342264175415
0.5999999642372131,1.516745686531067,1.0530556440353394
0.5999999642372131,1.3531228303909302,-0.18547844886779785
0.5999999642372131,1.6629387140274048,1.0880764722824097
0.5999999642372131,0.8764528036117554,-1.861017107963562
0.5999999642372131,1.1870001554489136,1.0898330211639404
0.5999999642372131,0.7747165560722351,-0.8545618057250977
0.5999999642372131,0.5666221976280212,-0.3054426610469818
0.5999999642372131,-4.327921487856656e-08,-1.5076014995574951
0.5999999642372131,-0.17660771310329437,-0.7481464147567749
0.5999999642372131,0.4168117642402649,1.8883543014526367
0.5999999642372131,0.44048166275024414,0.31788355112075806
0.5999999642372131,0.7183210849761963,1.0016508102416992
0.5999999642372131,0.08346040546894073,-1.453537940979004
0.5999999642372131,0.17899338901042938,0.5137226581573486
0.5999999642372131,0.7355940341949463,1.7514489889144897
0.5999999642372131,0.14894215762615204,-1.3238401412963867
0.5999999642372131,0.22155378758907318,0.44942641258239746
0.5999999642372131,0.2175440937280655,0.24333475530147552
0.5999999642372131,0.260772705078125,0.37041163444519043
0.5999999642372131,0.4004480540752411,0.6298879384994507
0.5999999642372131,0.44451904296875,0.3727583587169647
0.5999999642372131,1.3285397291183472,2.6323790550231934
0.5999999642372131,0.23221787810325623,-2.6946730613708496
0.5999999642372131,-1.3367298379307613e-08,-0.3481655716896057
0.5999999642372131,0.17794454097747803,0.7515995502471924
0.5999999642372131,0.4354703724384308,0.9468884468078613
0.5999999642372131,0.5630120635032654,0.5973238945007324
0.5999999642372131,0.027220886200666428,-1.187092900276184
0.5999999642372131,0.4672727584838867,1.441413164138794
0.5999999642372131,1.182485580444336,2.1782689094543457
0.5999999642372131,1.127390742301941,0.106331467628479
0.5999999642372131,0.6127930879592896,-1.1298301219940186
0.5999999642372131,0.25061801075935364,-0.7200157642364502
0.5999999642372131,0.5334702730178833,1.0150525569915771
0.5999999642372131,0.4341318607330322,-0.012977182865142822
0.5999999642372131,-0.45322367548942566,-2.725769519805908
0.5999999642372131,0.4294223189353943,2.7181544303894043
0.5999999642372131,-4.096364136785269e-09,-1.0152316093444824
0.5999999642372131,0.02968311868607998,0.3798145353794098
0.5999999642372131,-0.20903539657592773,-0.919222354888916
0.5999999642372131,1.9537765183486044e-08,0.9600653648376465
0.5999999642372131,0.14298155903816223,0.6602079272270203
0.5999999642372131,-0.2721397280693054,-1.4139039516448975
0.5999999642372131,-2.4755536287557334e-08,0.6733049154281616
0.5999999642372131,0.06661877781152725,0.46906131505966187
0.5999999642372131,0.33908984065055847,0.989126443862915
0.5999999642372131,0.10581760853528976,-0.37336671352386475
0.5999999642372131,-5.878973752260208e-09,-0.21496917307376862
0.5999999642372131,-2.8358044801279902e-09,0.2970280945301056
0.5999999642372131,-4.638422979041934e-11,0.18532171845436096
0.5999999642372131,0.48497676849365234,1.5644276142120361
0.5999999642372131,0.974760115146637,1.5718345642089844
0.5999999642372131,1.002318263053894,0.3285902142524719
0.5999999642372131,0.11357870697975159,-2.1363883018493652
0.5999999642372131,0.28514543175697327,0.7143309116363525
0.5999999642372131,0.61692214012146,1.146682620048523
0.5999999642372131,0.8332624435424805,0.8362867832183838
0.5999999642372131,0.7611778974533081,0.060472190380096436
0.5999999642372131,0.24731382727622986,-1.1280179023742676
0.5999999642372131,0.3926864266395569,0.6452085971832275
0.5999999642372131,0.5668866634368896,0.7228237986564636
0.5999999642372131,0.7683414220809937,0.7962198257446289
0.5999999642372131,0.5334176421165466,-0.37762027978897095
0.5999999642372131,0.44691768288612366,0.021559834480285645
0.5999999642372131,0.37177518010139465,0.05207523703575134
0.5999999642372131,0.8191395998001099,1.45767080783844
0.5999999642372131,1.2053571939468384,1.2933727502822876
0.5999999642372131,1.1509755849838257,0.1082601547241211
0.5999999642372131,1.6252144575119019,1.5303117036819458
0.5999999642372131,0.35799574851989746,-3.1542820930480957
0.5999999642372131,-2.1609594114124775e-09,-1.3597291707992554
0.5999999642372131,-0.4533287286758423,-1.47980797290802
0.5999999642372131,7.621565600857139e-10,1.6300508975982666
0.5999999642372131,7.450125849572942e-09,0.2613276541233063
0.5999999642372131,0.6976854801177979,2.1332101821899414
0.5999999642372131,0.534254252910614,-0.18532514572143555
0.5999999642372131,0.6388418078422546,0.5356170535087585
0.5999999642372131,0.5908598899841309,0.1252261996269226
0.5999999642372131,0.5915321707725525,0.25609302520751953
0.5999999642372131,0.6072354912757874,0.2965288758277893
0.5999999642372131,0.5211361050605774,0.022670328617095947
0.5999999642372131,0.618989884853363,0.5174964070320129
0.5999999642372131,0.5151292085647583,-0.025105416774749756
0.5999999642372131,0.5870271325111389,0.4476681351661682
0.5999999642372131,0.2579617202281952,-0.6309570074081421
0.5999999642372131,0.1783657670021057,0.04001125693321228
0.5999999642372131,0.5521694421768188,1.2596945762634277
0.5999999642372131,0.7396987080574036,0.758751392364502
0.5999999642372131,0.5006583333015442,-0.3887075185775757
0.5999999642372131,0.5909845232963562,0.49723654985427856
0.5999999642372131,0.7533510327339172,0.6910766959190369
0.5999999642372131,0.6169902086257935,-0.112476646900177
0.5999999642372131,0.5015430450439453,-0.05627608299255371
0.5999999642372131,0.6401584148406982,0.6271425485610962
0.5999999642372131,0.7913516759872437,0.6610403060913086
0.5999999642372131,0.6703454256057739,-0.07115405797958374
0.5999999642372131,0.32535508275032043,-0.6737606525421143
0.5999999642372131,0.48494091629981995,0.683478832244873
0.5999999642372131,0.7588319182395935,0.99104905128479
0.5999999642372131,0.6119474768638611,-0.14078456163406372
0.5999999642372131,0.333868145942688,-0.49378451704978943
0.5999999642372131,0.2824167013168335,0.11575806140899658
0.5999999642372131,0.0287205558270216,-0.4283357560634613
0.5999999642372131,-0.07399848848581314,-0.5724266171455383
0.5999999642372131,-0.6224284768104553,-1.7294284105300903
0.5999999642372131,-0.38980773091316223,0.3714822232723236
0.5999999642372131,-0.08655624091625214,0.5615934133529663
0.5999999642372131,0.33239930868148804,1.4055025577545166
0.5999999642372131,0.3716539442539215,0.3597714900970459
0.5999999642372131,0.544917106628418,0.7202935218811035
0.5999999642372131,-6.395566742867231e-08,-1.4239825010299683
0.5999999642372131,1.2165060070401523e-09,-0.03141825273633003
0.5999999642372131,0.559799313545227,1.764503002166748
0.5999999642372131,0.4671380817890167,0.004996836185455322
0.5999999642372131,0.30474841594696045,-0.18262508511543274
0.5999999642372131,-1.4356373867485672e-08,-0.98553866147995
0.5999999642372131,0.09662628173828125,0.5420379638671875
0.5999999642372131,1.2760210665874183e-09,-0.32784852385520935
0.5999999642372131,-3.1866420613368973e-10,0.07530238479375839
0.5999999642372131,0.9673937559127808,2.8564693927764893
0.5999999642372131,1.107344150543213,0.6309400796890259
0.5999999642372131,0.738574206829071,-0.7375392913818359
0.5999999642372131,0.3666318953037262,-0.7462359070777893
0.5999999642372131,0.4861980974674225,0.5758376121520996
0.5999999642372131,0.4447251856327057,0.14266929030418396
0.5999999642372131,0.5197331309318542,0.45600321888923645
0.5999999642372131,0.4275798201560974,0.006345272064208984
0.5999999642372131,0.9534516334533691,1.6688926219940186
0.5999999642372131,0.40168899297714233,-1.2298864126205444
0.5999999642372131,0.33797091245651245,0.08278876543045044
0.5999999642372131,0.18087387084960938,-0.16844390332698822
0.5999999642372131,5.870106178917922e-09,-0.3454085886478424
0.5999999642372131,-1.2789769243681803e-10,-0.02733026258647442
0.5999999642372131,0.5731062889099121,1.8000859022140503
0.5999999642372131,0.21883197128772736,-0.6987791061401367
0.5999999642372131,0.03819707781076431,-0.23181724548339844
0.5999999642372131,0.24934160709381104,0.8290442824363708
0.5999999642372131,1.0430834293365479,2.389427661895752
0.5999999642372131,0.8375526070594788,-0.29842740297317505
0.5999999642372131,0.5664920806884766,-0.4748038649559021
0.5999999642372131,0.7509320378303528,0.7504469156265259
0.5999999642372131,4.363852212918573e-08,-1.7595784664154053
0.5999999642372131,-0.21571899950504303,-0.8493899703025818
0.5999999642372131,1.7360434867441654e-08,0.8237642049789429
0.5999999642372131,0.3097846210002899,1.097983956336975
0.5999999642372131,0.04739772528409958,-0.4517032504081726
0.5999999642372131,-4.297362465877086e-10,-0.32680177688598633
0.5999999642372131,-2.76122591458261e-09,-0.18182101845741272
0.5999999642372131,0.6431361436843872,1.9873450994491577
0.5999999642372131,0.5456213355064392,-0.008023619651794434
0.5999999642372131,-4.065441316924989e-09,-1.367628812789917
0.5999999642372131,0.4225350320339203,1.3956856727600098
0.5999999642372131,0.1375487744808197,-0.5124495029449463
0.5999999642372131,0.4727684557437897,1.1558793783187866
0.5999999642372131,0.7990656495094299,1.1320241689682007
0.5999999642372131,0.46071141958236694,-0.6558519601821899
0.5999999642372131,0.37070155143737793,0.012085378170013428
0.5999999642372131,-2.60870365309529e-08,-0.8552913069725037
0.5999999642372131,0.0762329176068306,0.49244222044944763
0.5999999642372131,-4.243247531121597e-09,-0.02683407813310623
0.5999999642372131,-2.6193447411060333e-09,-0.3032963275909424
0.5999999642372131,0.16898280382156372,0.7284009456634521
0.5999999642372131,0.2838256359100342,0.5630438327789307
0.5999999642372131,0.7660821676254272,1.5514967441558838
0.5999999642372131,0.48483404517173767,-0.5022420287132263
0.5999999642372131,0.24368774890899658,-0.39448562264442444
0.5999999642372131,0.8352560997009277,1.8455458879470825
0.5999999642372131,1.4687381982803345,1.9585611820220947
0.5999999642372131,0.842894434928894,-1.4289493560791016
0.5999999642372131,0.35941606760025024,-1.0462397336959839
0.5999999642372131,0.6350463032722473,0.9956719279289246
0.5999999642372131,0.5898953676223755,0.13284063339233398
0.5999999642372131,0.27507951855659485,-0.5926218032836914
0.5999999642372131,0.7382054328918457,1.5000288486480713
0.5999999642372131,0.19193069636821747,-1.2152183055877686
0.5999999642372131,0.02961394004523754,-0.18255026638507843
0.5999999642372131,1.0579859018325806,3.020524024963379
0.5999999642372131,0.9698346853256226,0.01734912395477295
0.5999999642372131,0.36401790380477905,-1.3752939701080322
0.5999999642372131,0.9016826152801514,1.7005889415740967
0.5999999642372131,0.5170331001281738,-0.7803479433059692
0.5999999642372131,0.1893957555294037,-0.627146303653717
0.5999999642372131,-2.7699570637196302e-08,-0.820725679397583
0.5999999642372131,1.6266312741208822e-09,0.10197422653436661
0.5999999642372131,2.8153408493380994e-09,0.24083557724952698
0.5999999642372131,0.11102783679962158,0.5797224640846252
0.5999999642372131,0.3360464572906494,0.859408974647522
0.5999999642372131,0.761096715927124,1.3976256847381592
0.5999999642372131,0.06187428906559944,-1.626662254333496
0.5999999642372131,0.4800187349319458,1.3791593313217163
0.5999999642372131,0.6281836032867432,0.6528226137161255
0.5999999642372131,0.9298891425132751,1.0659376382827759
0.5999999642372131,0.7354576587677002,-0.268618643283844
0.5999999642372131,0.77644944190979,0.3646225929260254
0.5999999642372131,0.8641701340675354,0.49034905433654785
0.5999999642372131,0.6795178055763245,-0.24234002828598022
0.5999999642372131,0.33922427892684937,-0.6611217856407166
0.5999999642372131,0.4135877192020416,0.45422297716140747
0.5999999642372131,0.40914100408554077,0.24224331974983215
0.5999999642372131,0.6329456567764282,0.8562746644020081
0.5999999642372131,0.7015241384506226,0.4387897253036499
0.5999999642372131,0.6837524771690369,0.20652413368225098
0.5999999642372131,0.6402750611305237,0.1373632550239563
0.5999999642372131,0.1499498188495636,-1.0647486448287964
0.5999999642372131,-0.11877810209989548,-1.0521231889724731
0.5999999642372131,0.2827390730381012,1.3715379238128662
0.5999999642372131,0.3727583885192871,0.49631479382514954
0.5999999642372131,-1.8408172763884068e-09,-1.2924245595932007
0.5999999642372131,9.299583325628191e-10,0.15788692235946655
0.5999999642372131,0.6760796308517456,2.0754358768463135
0.5999999642372131,0.500093936920166,-0.2191084623336792
0.5999999642372131,0.14332138001918793,-0.7055318355560303
0.5999999642372131,0.13148966431617737,0.22077102959156036
0.5999999642372131,-9.668838174548e-09,-0.5855825543403625
0.5999999642372131,0.3643076419830322,1.2419443130493164
0.5999999642372131,0.7557820081710815,1.3073136806488037
0.5999999642372131,0.6251227855682373,-0.0971376895904541
0.5999999642372131,0.02948443591594696,-1.34806489944458
0.5999999642372131,0.3929751217365265,1.2364486455917358
0.5999999642372131,1.0094726085662842,1.912674903869629
0.5999999642372131,0.5770714282989502,-0.9087610244750977
0.5999999642372131,0.39209118485450745,-0.243348628282547
0.5999999642372131,0.5001499652862549,0.5448919534683228
0.5999999642372131,0.6607327461242676,0.6862378120422363
0.5999999642372131,0.2785256803035736,-0.7738844752311707
0.5999999642372131,0.27476224303245544,0.24402204155921936
0.5999999642372131,0.43554389476776123,0.6866731643676758
0.5999999642372131,-2.9611328500322998e-08,-1.272868037223816
0.5999999642372131,0.08667624741792679,0.5178397297859192
0.5999999642372131,0.3262733519077301,0.8990951776504517
0.5999999642372131,0.9505452513694763,1.9335600137710571
0.5999999642372131,0.4091521203517914,-1.2019916772842407
0.5999999642372131,5.86715032113716e-08,-0.9272264242172241
0.5999999642372131,0.2398173213005066,0.9117622971534729
0.5999999642372131,0.5545142292976379,1.100714921951294
0.5999999642372131,0.36678579449653625,-0.2507520020008087
0.5999999642372131,-2.5156623451039195e-09,-1.1328504085540771
0.5999999642372131,0.26369258761405945,0.9762842655181885
0.5999999642372131,0.4467546343803406,0.7466062307357788
0.5999999642372131,0.24011506140232086,-0.3016732931137085
0.5999999642372131,0.8308799266815186,1.843382477760315
0.5999999642372131,0.7517883777618408,0.041620850563049316
0.5999999642372131,1.003283977508545,0.9309186935424805
0.5999999642372131,0.5169742107391357,-1.0537861585617065
0.5999999642372131,0.39191949367523193,-0.08216601610183716
0.5999999642372131,0.646911084651947,0.9401646852493286
0.5999999642372131,0.35819292068481445,-0.5223901867866516
0.5999999642372131,0.5900725722312927,0.8779751062393188
0.5999999642372131,1.0457426309585571,1.4801101684570312
0.5999999642372131,0.7713660001754761,-0.4836326837539673
0.5999999642372131,0.2623540163040161,-1.1149613857269287
0.5999999642372131,-1.60889612743631e-08,-0.9173851013183594
0.5999999642372131,-0.320921927690506,-1.1273984909057617
0.5999999642372131,-3.195782483089715e-08,0.7234514951705933
0.5999999642372131,0.755835235118866,2.2887022495269775
0.5999999642372131,1.0043091773986816,0.9227926135063171
0.5999999642372131,1.214952826499939,0.8211320638656616
0.5999999642372131,0.7196990251541138,-1.0777539014816284
0.5999999642372131,0.8209832310676575,0.5268118381500244
0.5999999642372131,0.5154635310173035,-0.5675120949745178
0.5999999642372131,0.4862724840641022,0.1757219433784485
0.5999999642372131,0.2186937779188156,-0.46559247374534607
0.5999999642372131,2.23008100874722e-09,-0.3432241678237915
0.5999999642372131,0.40359634160995483,1.3456807136535645
0.5999999642372131,0.16889688372612,-0.3771784007549286
0.5999999642372131,0.48399415612220764,1.1017603874206543
0.5999999642372131,0.3291911482810974,-0.1622081995010376
0.5999999642372131,0.4615781903266907,0.6103112101554871
0.5999999642372131,0.6257207989692688,0.6957971453666687
0.5999999642372131,1.1159535646438599,1.5731048583984375
0.5999999642372131,0.7949498295783997,-0.6090362071990967
0.5999999642372131,0.6472727656364441,-0.14290118217468262
0.5999999642372131,0.7417463064193726,0.5084583163261414
0.5999999642372131,0.1610923707485199,-1.3077027797698975
0.5999999642372131,-2.1655978343915194e-08,-0.6674783229827881
0.5999999642372131,9.140421752817929e-10,-0.3394411504268646
0.5999999642372131,0.12371669709682465,0.6116830110549927
0.5999999642372131,0.9564593434333801,2.494291067123413
0.5999999642372131,0.07235708832740784,-2.1239330768585205
0.5999999642372131,-0.4900929927825928,-1.7812107801437378
0.5999999642372131,-0.911368727684021,-1.3875468969345093
0.5999999642372131,-0.1591138392686844,1.7692546844482422
0.5999999642372131,-0.11827894300222397,-0.14424844086170197
0.5999999642372131,0.23176540434360504,1.2381927967071533
0.5999999642372131,0.6750119924545288,1.446530818939209
0.5999999642372131,0.21911010146141052,-0.9721287488937378
0.5999999642372131,0.14838163554668427,0.06384888291358948
0.5999999642372131,0.8465406894683838,2.1322498321533203
0.5999999642372131,0.49340876936912537,-0.6955858469009399
0.5999999642372131,-1.7748789105098695e-08,-1.127258539199829
0.5999999642372131,0.21546722948551178,0.8487299084663391
0.5999999642372131,1.0916664905380458e-08,-0.7093433737754822
0.5999999642372131,0.5291338562965393,1.6825031042099
0.5999999642372131,0.3107870817184448,-0.3331313729286194
0.5999999642372131,-6.078835212974809e-09,-0.5614516735076904
0.5999999642372131,-1.1542624633875675e-09,-0.05525033175945282
0.5999999642372131,0.2542422413825989,0.9513319134712219
0.5999999642372131,0.5034817457199097,0.9246301054954529
0.5999999642372131,0.16111700236797333,-0.6667710542678833
0.5999999642372131,0.3970886468887329,0.8888964056968689
0.5999999642372131,0.10659575462341309,-0.5272747278213501
0.5999999642372131,0.2631528973579407,0.6749350428581238
0.5999999642372131,0.51276695728302,0.9256417155265808
0.5999999642372131,0.6987123489379883,0.7544724941253662
0.5999999642372131,0.8681302070617676,0.7100929021835327
0.5999999642372131,0.5735136270523071,-0.5381597280502319
0.5999999642372131,0.37001311779022217,-0.29317301511764526
0.5999999642372131,0.5745829939842224,0.8045127391815186
0.5999999642372131,0.7064749002456665,0.6090875267982483
0.5999999642372131,0.6222728490829468,0.02781766653060913
0.5999999642372131,0.1353527158498764,-1.0555962324142456
0.5999999642372131,-1.7180354916490614e-09,-0.3493545651435852
0.5999999642372131,0.17360331118106842,0.7403613328933716
0.5999999642372131,0.05530886352062225,-0.06413155794143677
0.5999999642372131,2.128217602148652e-09,-0.39234304428100586
0.5999999642372131,2.099568519042805e-09,0.11411063373088837
0.5999999642372131,1.7789716366678476e-09,0.24534769356250763
0.5999999642372131,0.1906246691942215,0.7844226956367493
0.5999999642372131,-0.24547573924064636,-1.489478588104248
0.5999999642372131,1.3998032954987139e-08,0.4491078555583954
0.5999999642372131,-0.07370644062757492,-0.4863068163394928
0.5999999642372131,0.26708728075027466,1.1987155675888062
0.5999999642372131,0.594374418258667,1.134596347808838
0.5999999642372131,0.0928116887807846,-1.0949997901916504
0.5999999642372131,0.5948206186294556,1.604549527168274
0.5999999642372131,0.37676310539245605,-0.33232417702674866
0.5999999642372131,0.12025104463100433,-0.4358694851398468
0.5999999642372131,1.3038459201197838e-08,-0.1472998857498169
0.5999999642372131,4.425146471476182e-09,0.2631402015686035
0.5999999642372131,0.44719573855400085,1.4634007215499878
0.5999999642372131,0.528294563293457,0.47238948941230774
0.5999999642372131,2.1995219867676497e-08,-1.3972253799438477
0.5999999642372131,0.2678682208061218,0.9873092770576477
0.5999999642372131,0.3391728103160858,0.445962131023407
0.5999999642372131,0.19995933771133423,-0.12033383548259735
0.5999999642372131,0.7051331400871277,1.6131110191345215
0.5999999642372131,0.5950250029563904,-0.04187476634979248
0.5999999642372131,0.21266227960586548,-0.7743321657180786
0.5999999642372131,0.5423287749290466,1.1409733295440674
0.5999999642372131,1.032735824584961,1.5735368728637695
0.5999999642372131,1.4333631992340088,1.332230806350708
0.5999999642372131,1.0672498941421509,-0.7302478551864624
0.5999999642372131,0.7808747291564941,-0.5159014463424683
0.5999999642372131,0.6050933599472046,-0.2185124158859253
0.5999999642372131,0.9716492891311646,1.2403851747512817
0.5999999642372131,0.6512803435325623,-0.6073924899101257
0.5999999642372131,1.0482076406478882,1.3221089839935303
0.5999999642372131,1.528308629989624,1.5460354089736938
0.5999999642372131,1.124638319015503,-0.8312410116195679
0.5999999642372131,1.2380014657974243,0.5594844818115234
0.5999999642372131,0.527874231338501,-1.6557879447937012
0.5999999642372131,0.5131064653396606,0.2145281434059143
0.5999999642372131,0.888410747051239,1.2638790607452393
0.5999999642372131,1.2131856679916382,1.1281120777130127
0.5999999642372131,0.6444586515426636,-1.2754101753234863
0.5999999642372131,0.41283664107322693,-0.36879289150238037
0.5999999642372131,0.7683425545692444,1.2105740308761597
0.5999999642372131,0.8008078932762146,0.3416988253593445
0.5999999642372131,0.9819493293762207,0.741676390171051
0.5999999642372131,0.42696693539619446,-1.2385365962982178
0.5999999642372131,0.7768986821174622,1.1955842971801758
0.5999999642372131,0.4359404444694519,-0.6628665328025818
0.5999999642372131,0.3348388075828552,-0.01776444911956787
0.5999999642372131,0.26667320728302,0.07079434394836426
0.5999999642372131,0.050285130739212036,-0.3279784917831421
0.5999999642372131,-4.483808879740536e-10,-0.3075965642929077
0.5999999642372131,0.40218260884284973,1.3419477939605713
0.5999999642372131,0.11138889193534851,-0.5280818939208984
0.5999999642372131,0.17597247660160065,0.4284897744655609
0.5999999642372131,0.15205474197864532,0.18975810706615448
0.5999999642372131,-0.14561998844146729,-1.1238056421279907
0.5999999642372131,0.23639902472496033,1.3317761421203613
0.5999999642372131,1.0500324964523315,2.4429335594177246
0.5999999642372131,1.0803310871124268,0.3359941244125366
0.5999999642372131,0.9916451573371887,0.01592075824737549
0.5999999642372131,0.8581951260566711,-0.1045418381690979
0.5999999642372131,0.8724844455718994,0.2928425669670105
0.5999999642372131,1.4877350330352783,1.909531593322754
0.5999999642372131,0.9277225732803345,-1.2518454790115356
0.5999999642372131,0.7722752690315247,-0.16374611854553223
0.5999999642372131,1.098556637763977,1.1321139335632324
0.5999999642372131,0.7124196887016296,-0.7842625379562378
0.5999999642372131,0.40435078740119934,-0.5744178295135498
0.5999999642372131,0.3903862535953522,0.21663466095924377
0.5999999642372131,0.6589804887771606,0.976757287979126
0.5999999642372131,1.3692635297775269,2.165090560913086
0.5999999642372131,0.9926832914352417,-0.7584344744682312
0.5999999642372131,0.8794705867767334,-0.050099730491638184
0.5999999642372131,0.44419723749160767,-0.9165447354316711
0.5999999642372131,0.7305589914321899,1.024578332901001
0.5999999642372131,1.1046677172998898e-07,-1.7226914167404175
0.5999999642372131,0.4037867784500122,1.3461828231811523
0.5999999642372131,-0.057865966111421585,-1.6575477123260498
0.5999999642372131,-0.0799136757850647,-0.3279981315135956
0.5999999642372131,-0.2604732811450958,-0.7419540286064148
0.5999999642372131,-0.3000172972679138,-0.36052563786506653
0.5999999642372131,0.12621036171913147,1.5189449787139893
0.5999999642372131,0.07894531637430191,0.12717676162719727
0.5999999642372131,0.09232524037361145,0.2982243001461029
0.5999999642372131,0.4830777645111084,1.3052515983581543
0.5999999642372131,0.24796146154403687,-0.3782646358013153
0.5999999642372131,0.5489364266395569,1.0638039112091064
0.5999999642372131,0.4801851212978363,0.06931298971176147
0.5999999642372131,0.9056824445724487,1.3988919258117676
0.5999999642372131,1.237109661102295,1.1460152864456177
0.5999999642372131,0.5743821263313293,-1.5282750129699707
0.5999999642372131,0.7897433638572693,0.8336331248283386
0.5999999642372131,0.024856872856616974,-1.803297519683838
0.5999999642372131,-0.10323020815849304,-0.633731484413147
0.5999999642372131,-0.5794942378997803,-1.5353035926818848
0.5999999642372131,4.0990926208905876e-08,1.833317756652832
0.5999999642372131,0.5255987644195557,1.673049807548523
0.5999999642372131,1.2376374006271362,2.1697542667388916
0.5999999642372131,1.265891194343567,0.33057701587677
0.5999999642372131,1.1029176712036133,-0.18384337425231934
0.5999999642372131,0.17141810059547424,-2.251375198364258
0.5999999642372131,0.11586984992027283,0.10466471314430237
0.5999999642372131,0.16878074407577515,0.3968018591403961
0.5999999642372131,0.6976515650749207,1.6768455505371094
0.5999999642372131,0.6073943972587585,0.011524617671966553
0.5999999642372131,0.3890835642814636,-0.3330008387565613
0.5999999642372131,-0.27366358041763306,-2.1383652687072754
0.5999999642372131,0.6728751063346863,2.8401012420654297
0.5999999642372131,0.9691950678825378,1.051468849182129
0.5999999642372131,-2.0554580260068178e-08,-2.6296420097351074
0.5999999642372131,0.932709276676178,2.761662244796753
0.5999999642372131,0.3576048016548157,-1.2926896810531616
0.5999999642372131,0.5622289180755615,0.8046526312828064
0.5999999642372131,0.591445803642273,0.332869291305542
0.5999999642372131,0.5632452964782715,0.1784200668334961
0.5999999642372131,1.029002305585891e-08,-1.402635097503662
0.5999999642372131,0.07731795310974121,0.49508020281791687
0.5999999642372131,-2.0718289306387305e-09,-0.5483031272888184
0.5999999642372131,0.4092152714729309,1.3605159521102905
0.5999999642372131,0.20007699728012085,-0.30841249227523804
0.5999999642372131,0.5131299495697021,1.0962741374969482
0.5999999642372131,0.6229947209358215,0.549803614616394
0.5999999642372131,0.42505285143852234,-0.27819812297821045
0.5999999642372131,2.759679773589596e-08,-1.0261043310165405
0.5999999642372131,0.02211545780301094,0.3630532920360565
0.5999999642372131,-3.1021016866361606e-09,-0.02595772221684456
0.5999999642372131,0.6035608053207397,1.88152015209198
0.5999999642372131,0.3771483898162842,-0.3547969460487366
0.5999999642372131,0.18397724628448486,-0.2654723525047302
0.5999999642372131,0.2523784041404724,0.43811434507369995
0.5999999642372131,1.7413185560144484e-08,-1.0015897750854492
0.5999999642372131,0.10803432017564774,0.572181761264801
0.5999999642372131,0.5064646005630493,1.3259124755859375
0.5999999642372131,0.27921631932258606,-0.35708853602409363
0.5999999642372131,0.4844682514667511,0.8063069581985474
0.5999999642372131,0.3020566403865814,-0.2364799976348877
0.5999999642372131,0.10256166011095047,-0.2825176417827606
0.5999999642372131,0.3067612648010254,0.8027580380439758
0.5999999642372131,-0.01609078235924244,-1.2817504405975342
0.5999999642372131,0.05621741712093353,0.4921724498271942
0.5999999642372131,1.2417314052581787,3.443272829055786
0.5999999642372131,0.5396453738212585,-1.6341545581817627
0.5999999642372131,0.2981416881084442,-0.3954232931137085
0.5999999642372131,0.6894325613975525,1.3067903518676758
0.5999999642372131,0.24283967912197113,-0.9470804929733276
0.5999999642372131,0.30857259035110474,0.43096214532852173
0.5999999642372131,1.061424970626831,2.279453992843628
0.5999999642372131,0.9134313464164734,-0.1436353325843811
0.5999999642372131,0.7732610106468201,-0.12265479564666748
0.5999999642372131,0.6272032260894775,-0.13855499029159546
0.5999999642372131,0.46763211488723755,-0.17497262358665466
0.5999999642372131,0.7125909328460693,0.9132081866264343
0.5999999642372131,0.04405013471841812,-1.544145941734314
0.5999999642372131,0.5217213034629822,1.540222406387329
0.5999999642372131,0.37212324142456055,-0.14819002151489258
0.5999999642372131,-3.1700437830295414e-09,-0.7110251188278198
0.5999999642372131,1.4829311112407595e-09,0.30469411611557007
0.5999999642372131,0.5207942128181458,1.6602025032043457
0.5999999642372131,0.3026789724826813,-0.3325125575065613
0.5999999642372131,0.7212399244308472,1.3801531791687012
0.5999999642372131,1.0949389934539795,1.2596526145935059
0.5999999642372131,0.7992808818817139,-0.5408622622489929
0.5999999642372131,0.8586412072181702,0.41406428813934326
0.5999999642372131,1.1608704328536987,1.0674476623535156
0.5999999642372131,0.525335967540741,-1.4551560878753662
0.5999999642372131,1.12715744972229,1.8732523918151855
0.5999999642372131,1.6539943218231201,1.6717965602874756
0.5999999642372131,1.1880310773849487,-0.9987646341323853
0.5999999642372131,1.1958633661270142,0.27561748027801514
0.5999999642372131,0.7505117654800415,-0.94351726770401
0.5999999642372131,1.1830418109893799,1.417929768562317
0.5999999642372131,1.1106055974960327,0.05967986583709717
0.5999999642372131,0.6971656084060669,-0.8577075600624084
0.5999999642372131,0.8771544694900513,0.7385295629501343
0.5999999642372131,0.18388904631137848,-1.6105865240097046
0.5999999642372131,0.23140788078308105,0.38193732500076294
0.5999999642372131,6.992195267230272e-09,-0.768195629119873
0.5999999642372131,-0.03378067910671234,-0.3888988196849823
0.5999999642372131,0.12166296690702438,0.707714319229126
0.5999999642372131,0.3285326659679413,0.8105895519256592
0.5999999642372131,0.4692164957523346,0.6326302289962769
0.5999999642372131,0.7408586740493774,0.9849914312362671
0.5999999642372131,0.5888542532920837,-0.15456676483154297
0.5999999642372131,1.1166094541549683,1.67402982711792
0.5999999642372131,1.0290248394012451,0.018898367881774902
0.5999999642372131,0.7681374549865723,-0.44735193252563477
0.5999999642372131,0.8379625082015991,0.44220221042633057
0.5999999642372131,1.003367304801941,0.6993581056594849
0.5999999642372131,0.9932143688201904,0.2271519899368286
0.5999999642372131,0.47561153769493103,-1.1379741430282593
0.5999999642372131,0.7475816011428833,0.9858759641647339
